0.8916,0.01273,2.0641,0.0082,-0.0082,Welbanks et al. 2024,0.14367,0.00029,-0.00029,Calculated,0.9367,0.028,-0.028,Calculated,,,,0.67,0.02,-0.02,Piaulet et al. 2021
0.92095,0.01273,2.0594,0.0072,-0.0072,Welbanks et al. 2024,0.14351,0.00025,-0.00025,Calculated,0.9356,0.028,-0.028,Calculated,,,,0.67,0.02,-0.02,Piaulet et al. 2021
0.9503,0.01273,2.0699,0.0082,-0.0082,Welbanks et al. 2024,0.14387,0.00028,-0.00029,Calculated,0.938,0.0281,-0.0281,Calculated,,,,0.67,0.02,-0.02,Piaulet et al. 2021
0.97965,0.01273,2.0734,0.0065,-0.0065,Welbanks et al. 2024,0.14399,0.00023,-0.00023,Calculated,0.9388,0.0281,-0.0281,Calculated,,,,0.67,0.02,-0.02,Piaulet et al. 2021
1.009,0.01273,2.0639,0.0074,-0.0074,Welbanks et al. 2024,0.14366,0.00026,-0.00026,Calculated,0.9367,0.028,-0.028,Calculated,,,,0.67,0.02,-0.02,Piaulet et al. 2021
1.03835,0.01273,2.0649,0.0057,-0.0057,Welbanks et al. 2024,0.1437,0.0002,-0.0002,Calculated,0.9369,0.028,-0.028,Calculated,,,,0.67,0.02,-0.02,Piaulet et al. 2021
1.06525,0.01273,2.0553,0.0066,-0.0066,Welbanks et al. 2024,0.14336,0.00023,-0.00023,Calculated,0.9347,0.0279,-0.0279,Calculated,,,,0.67,0.02,-0.02,Piaulet et al. 2021
1.10075,0.01273,2.0698,0.0072,-0.0072,Welbanks et al. 2024,0.14387,0.00025,-0.00025,Calculated,0.938,0.028,-0.028,Calculated,,,,0.67,0.02,-0.02,Piaulet et al. 2021
1.1264,0.01273,2.0689,0.0068,-0.0068,Welbanks et al. 2024,0.14384,0.00024,-0.00024,Calculated,0.9378,0.028,-0.028,Calculated,,,,0.67,0.02,-0.02,Piaulet et al. 2021
1.13273,0.01273,2.0768,0.0074,-0.0074,Welbanks et al. 2024,0.14411,0.00026,-0.00026,Calculated,0.9396,0.0281,-0.0281,Calculated,,,,0.67,0.02,-0.02,Piaulet et al. 2021
1.15818,0.01273,2.0844,0.0068,-0.0068,Welbanks et al. 2024,0.14437,0.00024,-0.00024,Calculated,0.9413,0.0281,-0.0281,Calculated,,,,0.67,0.02,-0.02,Piaulet et al. 2021
1.18364,0.01273,2.0629,0.0068,-0.0068,Welbanks et al. 2024,0.14363,0.00024,-0.00024,Calculated,0.9364,0.028,-0.028,Calculated,,,,0.67,0.02,-0.02,Piaulet et al. 2021
1.20909,0.01273,2.0594,0.0063,-0.0063,Welbanks et al. 2024,0.14351,0.00022,-0.00022,Calculated,0.9356,0.028,-0.028,Calculated,,,,0.67,0.02,-0.02,Piaulet et al. 2021
1.23455,0.01273,2.0613,0.0067,-0.0067,Welbanks et al. 2024,0.14357,0.00023,-0.00023,Calculated,0.9361,0.028,-0.028,Calculated,,,,0.67,0.02,-0.02,Piaulet et al. 2021
1.26,0.01273,2.0558,0.0059,-0.0059,Welbanks et al. 2024,0.14338,0.00021,-0.00021,Calculated,0.9348,0.0279,-0.0279,Calculated,,,,0.67,0.02,-0.02,Piaulet et al. 2021
1.28546,0.01273,2.0754,0.0065,-0.0065,Welbanks et al. 2024,0.14406,0.00023,-0.00023,Calculated,0.9393,0.0281,-0.0281,Calculated,,,,0.67,0.02,-0.02,Piaulet et al. 2021
1.31091,0.01273,2.0796,0.0056,-0.0056,Welbanks et al. 2024,0.14421,0.00019,-0.00019,Calculated,0.9402,0.0281,-0.0281,Calculated,,,,0.67,0.02,-0.02,Piaulet et al. 2021
1.33636,0.01273,2.0715,0.0064,-0.0064,Welbanks et al. 2024,0.14393,0.00022,-0.00022,Calculated,0.9384,0.028,-0.028,Calculated,,,,0.67,0.02,-0.02,Piaulet et al. 2021
1.36182,0.01273,2.0889,0.0059,-0.0059,Welbanks et al. 2024,0.14453,0.0002,-0.0002,Calculated,0.9423,0.0282,-0.0282,Calculated,,,,0.67,0.02,-0.02,Piaulet et al. 2021
1.38727,0.01273,2.0975,0.0064,-0.0064,Welbanks et al. 2024,0.14483,0.00022,-0.00022,Calculated,0.9443,0.0282,-0.0282,Calculated,,,,0.67,0.02,-0.02,Piaulet et al. 2021
1.41273,0.01273,2.0984,0.0057,-0.0057,Welbanks et al. 2024,0.14486,0.0002,-0.0002,Calculated,0.9445,0.0282,-0.0282,Calculated,,,,0.67,0.02,-0.02,Piaulet et al. 2021
1.43818,0.01273,2.0834,0.006,-0.006,Welbanks et al. 2024,0.14434,0.00021,-0.00021,Calculated,0.9411,0.0281,-0.0281,Calculated,,,,0.67,0.02,-0.02,Piaulet et al. 2021
1.46364,0.01273,2.067,0.0055,-0.0055,Welbanks et al. 2024,0.14377,0.00019,-0.00019,Calculated,0.9374,0.028,-0.028,Calculated,,,,0.67,0.02,-0.02,Piaulet et al. 2021
1.48909,0.01273,2.0688,0.0062,-0.0062,Welbanks et al. 2024,0.14383,0.00022,-0.00022,Calculated,0.9378,0.028,-0.028,Calculated,,,,0.67,0.02,-0.02,Piaulet et al. 2021
1.51455,0.01273,2.059,0.0056,-0.0056,Welbanks et al. 2024,0.14349,0.0002,-0.0002,Calculated,0.9356,0.028,-0.028,Calculated,,,,0.67,0.02,-0.02,Piaulet et al. 2021
1.54,0.01273,2.046,0.0055,-0.0055,Welbanks et al. 2024,0.14304,0.00019,-0.00019,Calculated,0.9326,0.0279,-0.0279,Calculated,,,,0.67,0.02,-0.02,Piaulet et al. 2021
1.56546,0.01273,2.0629,0.0065,-0.0065,Welbanks et al. 2024,0.14363,0.00023,-0.00023,Calculated,0.9364,0.028,-0.028,Calculated,,,,0.67,0.02,-0.02,Piaulet et al. 2021
1.59091,0.01273,2.052,0.0063,-0.0063,Welbanks et al. 2024,0.14325,0.00022,-0.00022,Calculated,0.934,0.0279,-0.0279,Calculated,,,,0.67,0.02,-0.02,Piaulet et al. 2021
1.61636,0.01273,2.0527,0.0061,-0.0061,Welbanks et al. 2024,0.14327,0.00021,-0.00021,Calculated,0.9341,0.0279,-0.0279,Calculated,,,,0.67,0.02,-0.02,Piaulet et al. 2021
1.64182,0.01273,2.0562,0.0059,-0.0059,Welbanks et al. 2024,0.14339,0.00021,-0.00021,Calculated,0.9349,0.0279,-0.0279,Calculated,,,,0.67,0.02,-0.02,Piaulet et al. 2021
2.4572,0.0072,2.0687,0.0146,-0.0146,Welbanks et al. 2024,0.14383,0.00051,-0.00051,Calculated,0.9378,0.0282,-0.0282,Calculated,,,,0.67,0.02,-0.02,Piaulet et al. 2021
2.4575,0.0075,2.0693,0.0095,-0.0095,Welbanks et al. 2024,0.14385,0.00033,-0.00033,Calculated,0.9379,0.0281,-0.0281,Calculated,,,,0.67,0.02,-0.02,Piaulet et al. 2021
2.4575,0.0075,2.0864,0.0108,-0.0108,Welbanks et al. 2024,0.14444,0.00037,-0.00037,Calculated,0.9418,0.0282,-0.0282,Calculated,,,,0.67,0.02,-0.02,Piaulet et al. 2021
2.472,0.0076,2.0602,0.0132,-0.0132,Welbanks et al. 2024,0.14353,0.00046,-0.00046,Calculated,0.9358,0.0281,-0.0281,Calculated,,,,0.67,0.02,-0.02,Piaulet et al. 2021
2.4725,0.0075,2.0526,0.0099,-0.0099,Welbanks et al. 2024,0.14327,0.00035,-0.00035,Calculated,0.9341,0.028,-0.028,Calculated,,,,0.67,0.02,-0.02,Piaulet et al. 2021
2.4725,0.0075,2.0559,0.0103,-0.0103,Welbanks et al. 2024,0.14338,0.00036,-0.00036,Calculated,0.9348,0.028,-0.028,Calculated,,,,0.67,0.02,-0.02,Piaulet et al. 2021
2.4873,0.0076,2.0279,0.0125,-0.0125,Welbanks et al. 2024,0.1424,0.00044,-0.00044,Calculated,0.9285,0.0279,-0.0279,Calculated,,,,0.67,0.02,-0.02,Piaulet et al. 2021
2.4875,0.0075,2.046,0.0095,-0.0095,Welbanks et al. 2024,0.14304,0.00033,-0.00033,Calculated,0.9326,0.0279,-0.0279,Calculated,,,,0.67,0.02,-0.02,Piaulet et al. 2021
2.4875,0.0075,2.0429,0.0097,-0.0097,Welbanks et al. 2024,0.14293,0.00034,-0.00034,Calculated,0.9319,0.0279,-0.0279,Calculated,,,,0.67,0.02,-0.02,Piaulet et al. 2021
2.5021,0.0072,2.0402,0.013,-0.013,Welbanks et al. 2024,0.14284,0.00045,-0.00046,Calculated,0.9313,0.028,-0.028,Calculated,,,,0.67,0.02,-0.02,Piaulet et al. 2021
2.5025,0.0075,2.061,0.0093,-0.0093,Welbanks et al. 2024,0.14356,0.00032,-0.00032,Calculated,0.936,0.028,-0.028,Calculated,,,,0.67,0.02,-0.02,Piaulet et al. 2021
2.5025,0.0075,2.0572,0.0091,-0.0091,Welbanks et al. 2024,0.14343,0.00032,-0.00032,Calculated,0.9351,0.028,-0.028,Calculated,,,,0.67,0.02,-0.02,Piaulet et al. 2021
2.517,0.0076,2.0696,0.0121,-0.0121,Welbanks et al. 2024,0.14386,0.00042,-0.00042,Calculated,0.938,0.0281,-0.0281,Calculated,,,,0.67,0.02,-0.02,Piaulet et al. 2021
2.5175,0.0075,2.0759,0.0095,-0.0095,Welbanks et al. 2024,0.14408,0.00033,-0.00033,Calculated,0.9394,0.0281,-0.0281,Calculated,,,,0.67,0.02,-0.02,Piaulet et al. 2021
2.5175,0.0075,2.0721,0.0101,-0.0101,Welbanks et al. 2024,0.14395,0.00035,-0.00035,Calculated,0.9385,0.0281,-0.0281,Calculated,,,,0.67,0.02,-0.02,Piaulet et al. 2021
2.5323,0.0076,2.0934,0.012,-0.012,Welbanks et al. 2024,0.14469,0.00041,-0.00042,Calculated,0.9433,0.0283,-0.0283,Calculated,,,,0.67,0.02,-0.02,Piaulet et al. 2021
2.5325,0.0075,2.0883,0.0095,-0.0095,Welbanks et al. 2024,0.14451,0.00033,-0.00033,Calculated,0.9422,0.0282,-0.0282,Calculated,,,,0.67,0.02,-0.02,Piaulet et al. 2021
2.5325,0.0075,2.0938,0.0099,-0.0099,Welbanks et al. 2024,0.1447,0.00034,-0.00034,Calculated,0.9434,0.0283,-0.0283,Calculated,,,,0.67,0.02,-0.02,Piaulet et al. 2021
2.5472,0.0072,2.0748,0.0127,-0.0127,Welbanks et al. 2024,0.14404,0.00044,-0.00044,Calculated,0.9391,0.0282,-0.0282,Calculated,,,,0.67,0.02,-0.02,Piaulet et al. 2021
2.5475,0.0075,2.0699,0.0093,-0.0093,Welbanks et al. 2024,0.14387,0.00032,-0.00032,Calculated,0.938,0.0281,-0.0281,Calculated,,,,0.67,0.02,-0.02,Piaulet et al. 2021
2.5475,0.0075,2.068,0.0096,-0.0096,Welbanks et al. 2024,0.14381,0.00033,-0.00033,Calculated,0.9376,0.0281,-0.0281,Calculated,,,,0.67,0.02,-0.02,Piaulet et al. 2021
2.5621,0.0077,2.0875,0.0133,-0.0133,Welbanks et al. 2024,0.14448,0.00046,-0.00046,Calculated,0.942,0.0283,-0.0283,Calculated,,,,0.67,0.02,-0.02,Piaulet et al. 2021
2.5625,0.0075,2.0779,0.0091,-0.0091,Welbanks et al. 2024,0.14415,0.00032,-0.00032,Calculated,0.9398,0.0281,-0.0281,Calculated,,,,0.67,0.02,-0.02,Piaulet et al. 2021
2.5625,0.0075,2.0769,0.0092,-0.0092,Welbanks et al. 2024,0.14411,0.00032,-0.00032,Calculated,0.9396,0.0281,-0.0281,Calculated,,,,0.67,0.02,-0.02,Piaulet et al. 2021
2.5769,0.0072,2.0953,0.0117,-0.0117,Welbanks et al. 2024,0.14475,0.0004,-0.0004,Calculated,0.9438,0.0283,-0.0283,Calculated,,,,0.67,0.02,-0.02,Piaulet et al. 2021
2.5775,0.0075,2.0935,0.0089,-0.0089,Welbanks et al. 2024,0.14469,0.00031,-0.00031,Calculated,0.9434,0.0282,-0.0282,Calculated,,,,0.67,0.02,-0.02,Piaulet et al. 2021
2.5775,0.0075,2.0953,0.009,-0.009,Welbanks et al. 2024,0.14475,0.00031,-0.00031,Calculated,0.9438,0.0282,-0.0282,Calculated,,,,0.67,0.02,-0.02,Piaulet et al. 2021
2.5918,0.0077,2.0679,0.0111,-0.0111,Welbanks et al. 2024,0.1438,0.00039,-0.00039,Calculated,0.9376,0.0281,-0.0281,Calculated,,,,0.67,0.02,-0.02,Piaulet et al. 2021
2.5925,0.0075,2.0738,0.0085,-0.0085,Welbanks et al. 2024,0.14401,0.00029,-0.0003,Calculated,0.9389,0.0281,-0.0281,Calculated,,,,0.67,0.02,-0.02,Piaulet et al. 2021
2.5925,0.0075,2.071,0.0092,-0.0092,Welbanks et al. 2024,0.14391,0.00032,-0.00032,Calculated,0.9383,0.0281,-0.0281,Calculated,,,,0.67,0.02,-0.02,Piaulet et al. 2021
2.6072,0.0077,2.0864,0.011,-0.011,Welbanks et al. 2024,0.14444,0.00038,-0.00038,Calculated,0.9418,0.0282,-0.0282,Calculated,,,,0.67,0.02,-0.02,Piaulet et al. 2021
2.6075,0.0075,2.0836,0.0083,-0.0083,Welbanks et al. 2024,0.14435,0.00029,-0.00029,Calculated,0.9411,0.0282,-0.0282,Calculated,,,,0.67,0.02,-0.02,Piaulet et al. 2021
2.6075,0.0075,2.0841,0.0086,-0.0086,Welbanks et al. 2024,0.14436,0.0003,-0.0003,Calculated,0.9412,0.0282,-0.0282,Calculated,,,,0.67,0.02,-0.02,Piaulet et al. 2021
2.6221,0.0072,2.0909,0.0109,-0.0109,Welbanks et al. 2024,0.1446,0.00038,-0.00038,Calculated,0.9428,0.0282,-0.0282,Calculated,,,,0.67,0.02,-0.02,Piaulet et al. 2021
2.6225,0.0075,2.0841,0.0084,-0.0084,Welbanks et al. 2024,0.14436,0.00029,-0.00029,Calculated,0.9412,0.0282,-0.0282,Calculated,,,,0.67,0.02,-0.02,Piaulet et al. 2021
2.6225,0.0075,2.0853,0.0086,-0.0086,Welbanks et al. 2024,0.14441,0.0003,-0.0003,Calculated,0.9415,0.0282,-0.0282,Calculated,,,,0.67,0.02,-0.02,Piaulet et al. 2021
2.637,0.0077,2.0831,0.011,-0.011,Welbanks et al. 2024,0.14433,0.00038,-0.00038,Calculated,0.941,0.0282,-0.0282,Calculated,,,,0.67,0.02,-0.02,Piaulet et al. 2021
2.6375,0.0075,2.0789,0.0084,-0.0084,Welbanks et al. 2024,0.14418,0.00029,-0.00029,Calculated,0.9401,0.0281,-0.0281,Calculated,,,,0.67,0.02,-0.02,Piaulet et al. 2021
2.6375,0.0075,2.0829,0.0089,-0.0089,Welbanks et al. 2024,0.14432,0.00031,-0.00031,Calculated,0.941,0.0282,-0.0282,Calculated,,,,0.67,0.02,-0.02,Piaulet et al. 2021
2.6519,0.0072,2.0944,0.0108,-0.0108,Welbanks et al. 2024,0.14472,0.00037,-0.00037,Calculated,0.9436,0.0283,-0.0283,Calculated,,,,0.67,0.02,-0.02,Piaulet et al. 2021
2.6525,0.0075,2.0854,0.0082,-0.0082,Welbanks et al. 2024,0.14441,0.00028,-0.00028,Calculated,0.9415,0.0282,-0.0282,Calculated,,,,0.67,0.02,-0.02,Piaulet et al. 2021
2.6525,0.0075,2.0853,0.0087,-0.0087,Welbanks et al. 2024,0.14441,0.0003,-0.0003,Calculated,0.9415,0.0282,-0.0282,Calculated,,,,0.67,0.02,-0.02,Piaulet et al. 2021
2.6668,0.0077,2.1148,0.0106,-0.0106,Welbanks et al. 2024,0.14542,0.00036,-0.00036,Calculated,0.9481,0.0284,-0.0284,Calculated,,,,0.67,0.02,-0.02,Piaulet et al. 2021
2.6675,0.0075,2.1123,0.0083,-0.0083,Welbanks et al. 2024,0.14534,0.00029,-0.00029,Calculated,0.9476,0.0283,-0.0283,Calculated,,,,0.67,0.02,-0.02,Piaulet et al. 2021
2.6675,0.0075,2.1117,0.0085,-0.0085,Welbanks et al. 2024,0.14532,0.00029,-0.00029,Calculated,0.9474,0.0283,-0.0283,Calculated,,,,0.67,0.02,-0.02,Piaulet et al. 2021
2.6822,0.0077,2.1206,0.0104,-0.0104,Welbanks et al. 2024,0.14562,0.00036,-0.00036,Calculated,0.9494,0.0284,-0.0284,Calculated,,,,0.67,0.02,-0.02,Piaulet et al. 2021
2.6825,0.0075,2.122,0.0083,-0.0083,Welbanks et al. 2024,0.14567,0.00028,-0.00029,Calculated,0.9498,0.0284,-0.0284,Calculated,,,,0.67,0.02,-0.02,Piaulet et al. 2021
2.6825,0.0075,2.1279,0.0085,-0.0085,Welbanks et al. 2024,0.14587,0.00029,-0.00029,Calculated,0.9511,0.0285,-0.0285,Calculated,,,,0.67,0.02,-0.02,Piaulet et al. 2021
2.6971,0.0073,2.126,0.0112,-0.0112,Welbanks et al. 2024,0.14581,0.00038,-0.00038,Calculated,0.9507,0.0285,-0.0285,Calculated,,,,0.67,0.02,-0.02,Piaulet et al. 2021
2.6975,0.0075,2.1238,0.0081,-0.0081,Welbanks et al. 2024,0.14573,0.00028,-0.00028,Calculated,0.9502,0.0284,-0.0284,Calculated,,,,0.67,0.02,-0.02,Piaulet et al. 2021
2.6975,0.0075,2.119,0.0084,-0.0084,Welbanks et al. 2024,0.14557,0.00029,-0.00029,Calculated,0.9491,0.0284,-0.0284,Calculated,,,,0.67,0.02,-0.02,Piaulet et al. 2021
2.7121,0.0077,2.1037,0.0098,-0.0098,Welbanks et al. 2024,0.14504,0.00034,-0.00034,Calculated,0.9457,0.0283,-0.0283,Calculated,,,,0.67,0.02,-0.02,Piaulet et al. 2021
2.7125,0.0075,2.1077,0.0077,-0.0077,Welbanks et al. 2024,0.14518,0.00026,-0.00027,Calculated,0.9466,0.0283,-0.0283,Calculated,,,,0.67,0.02,-0.02,Piaulet et al. 2021
2.7125,0.0075,2.1079,0.0081,-0.0081,Welbanks et al. 2024,0.14519,0.00028,-0.00028,Calculated,0.9466,0.0283,-0.0283,Calculated,,,,0.67,0.02,-0.02,Piaulet et al. 2021
2.727,0.0073,2.1259,0.0106,-0.0106,Welbanks et al. 2024,0.1458,0.00036,-0.00036,Calculated,0.9506,0.0285,-0.0285,Calculated,,,,0.67,0.02,-0.02,Piaulet et al. 2021
2.7275,0.0075,2.1161,0.0077,-0.0077,Welbanks et al. 2024,0.14547,0.00026,-0.00026,Calculated,0.9484,0.0284,-0.0284,Calculated,,,,0.67,0.02,-0.02,Piaulet et al. 2021
2.7275,0.0075,2.1173,0.0076,-0.0076,Welbanks et al. 2024,0.14551,0.00026,-0.00026,Calculated,0.9487,0.0284,-0.0284,Calculated,,,,0.67,0.02,-0.02,Piaulet et al. 2021
2.742,0.0077,2.1081,0.0107,-0.0107,Welbanks et al. 2024,0.14519,0.00037,-0.00037,Calculated,0.9466,0.0284,-0.0284,Calculated,,,,0.67,0.02,-0.02,Piaulet et al. 2021
2.7425,0.0075,2.1068,0.0079,-0.0079,Welbanks et al. 2024,0.14515,0.00027,-0.00027,Calculated,0.9463,0.0283,-0.0283,Calculated,,,,0.67,0.02,-0.02,Piaulet et al. 2021
2.7425,0.0075,2.1095,0.008,-0.008,Welbanks et al. 2024,0.14524,0.00028,-0.00028,Calculated,0.947,0.0283,-0.0283,Calculated,,,,0.67,0.02,-0.02,Piaulet et al. 2021
2.7569,0.0073,2.1014,0.0117,-0.0117,Welbanks et al. 2024,0.14496,0.0004,-0.0004,Calculated,0.9451,0.0283,-0.0283,Calculated,,,,0.67,0.02,-0.02,Piaulet et al. 2021
2.7575,0.0075,2.1036,0.0085,-0.0085,Welbanks et al. 2024,0.14504,0.00029,-0.00029,Calculated,0.9456,0.0283,-0.0283,Calculated,,,,0.67,0.02,-0.02,Piaulet et al. 2021
2.7575,0.0075,2.1081,0.0087,-0.0087,Welbanks et al. 2024,0.14519,0.0003,-0.0003,Calculated,0.9466,0.0283,-0.0283,Calculated,,,,0.67,0.02,-0.02,Piaulet et al. 2021
2.7719,0.0077,2.1115,0.0105,-0.0105,Welbanks et al. 2024,0.14531,0.00036,-0.00036,Calculated,0.9474,0.0284,-0.0284,Calculated,,,,0.67,0.02,-0.02,Piaulet et al. 2021
2.7725,0.0075,2.1035,0.0081,-0.0081,Welbanks et al. 2024,0.14503,0.00028,-0.00028,Calculated,0.9456,0.0283,-0.0283,Calculated,,,,0.67,0.02,-0.02,Piaulet et al. 2021
2.7725,0.0075,2.1047,0.0078,-0.0078,Welbanks et al. 2024,0.14508,0.00027,-0.00027,Calculated,0.9459,0.0283,-0.0283,Calculated,,,,0.67,0.02,-0.02,Piaulet et al. 2021
2.7868,0.0073,2.09,0.0111,-0.0111,Welbanks et al. 2024,0.14457,0.00038,-0.00038,Calculated,0.9426,0.0282,-0.0282,Calculated,,,,0.67,0.02,-0.02,Piaulet et al. 2021
2.7875,0.0075,2.0991,0.0081,-0.0081,Welbanks et al. 2024,0.14488,0.00028,-0.00028,Calculated,0.9446,0.0283,-0.0283,Calculated,,,,0.67,0.02,-0.02,Piaulet et al. 2021
2.7875,0.0075,2.0987,0.008,-0.008,Welbanks et al. 2024,0.14487,0.00028,-0.00028,Calculated,0.9445,0.0283,-0.0283,Calculated,,,,0.67,0.02,-0.02,Piaulet et al. 2021
2.8018,0.0077,2.0903,0.0113,-0.0113,Welbanks et al. 2024,0.14458,0.00039,-0.00039,Calculated,0.9426,0.0283,-0.0283,Calculated,,,,0.67,0.02,-0.02,Piaulet et al. 2021
2.8025,0.0075,2.1009,0.0083,-0.0083,Welbanks et al. 2024,0.14494,0.00029,-0.00029,Calculated,0.945,0.0283,-0.0283,Calculated,,,,0.67,0.02,-0.02,Piaulet et al. 2021
2.8025,0.0075,2.1012,0.0082,-0.0082,Welbanks et al. 2024,0.14496,0.00028,-0.00028,Calculated,0.9451,0.0283,-0.0283,Calculated,,,,0.67,0.02,-0.02,Piaulet et al. 2021
2.8172,0.0077,2.12,0.0114,-0.0114,Welbanks et al. 2024,0.1456,0.00039,-0.00039,Calculated,0.9493,0.0285,-0.0285,Calculated,,,,0.67,0.02,-0.02,Piaulet et al. 2021
2.8175,0.0075,2.1113,0.0077,-0.0077,Welbanks et al. 2024,0.1453,0.00026,-0.00027,Calculated,0.9474,0.0283,-0.0283,Calculated,,,,0.67,0.02,-0.02,Piaulet et al. 2021
2.8175,0.0075,2.1131,0.0082,-0.0082,Welbanks et al. 2024,0.14537,0.00028,-0.00028,Calculated,0.9478,0.0284,-0.0284,Calculated,,,,0.67,0.02,-0.02,Piaulet et al. 2021
2.8322,0.0073,2.0886,0.0111,-0.0111,Welbanks et al. 2024,0.14452,0.00038,-0.00038,Calculated,0.9423,0.0282,-0.0282,Calculated,,,,0.67,0.02,-0.02,Piaulet et al. 2021
2.8325,0.0075,2.0861,0.0082,-0.0082,Welbanks et al. 2024,0.14443,0.00028,-0.00028,Calculated,0.9417,0.0282,-0.0282,Calculated,,,,0.67,0.02,-0.02,Piaulet et al. 2021
2.8325,0.0075,2.089,0.008,-0.008,Welbanks et al. 2024,0.14453,0.00028,-0.00028,Calculated,0.9423,0.0282,-0.0282,Calculated,,,,0.67,0.02,-0.02,Piaulet et al. 2021
2.8472,0.0077,2.1073,0.0105,-0.0105,Welbanks et al. 2024,0.14517,0.00036,-0.00036,Calculated,0.9465,0.0284,-0.0284,Calculated,,,,0.67,0.02,-0.02,Piaulet et al. 2021
2.8475,0.0075,2.1045,0.0089,-0.0089,Welbanks et al. 2024,0.14507,0.00031,-0.00031,Calculated,0.9458,0.0283,-0.0283,Calculated,,,,0.67,0.02,-0.02,Piaulet et al. 2021
2.8475,0.0075,2.1014,0.0081,-0.0081,Welbanks et al. 2024,0.14496,0.00028,-0.00028,Calculated,0.9451,0.0283,-0.0283,Calculated,,,,0.67,0.02,-0.02,Piaulet et al. 2021
2.8622,0.0073,2.0969,0.011,-0.011,Welbanks et al. 2024,0.14481,0.00038,-0.00038,Calculated,0.9441,0.0283,-0.0283,Calculated,,,,0.67,0.02,-0.02,Piaulet et al. 2021
2.8625,0.0075,2.1014,0.008,-0.008,Welbanks et al. 2024,0.14496,0.00028,-0.00028,Calculated,0.9451,0.0283,-0.0283,Calculated,,,,0.67,0.02,-0.02,Piaulet et al. 2021
2.8625,0.0075,2.0877,0.0082,-0.0082,Welbanks et al. 2024,0.14449,0.00028,-0.00028,Calculated,0.942,0.0282,-0.0282,Calculated,,,,0.67,0.02,-0.02,Piaulet et al. 2021
2.8772,0.0077,2.082,0.012,-0.012,Welbanks et al. 2024,0.14429,0.00042,-0.00042,Calculated,0.9408,0.0282,-0.0282,Calculated,,,,0.67,0.02,-0.02,Piaulet et al. 2021
2.8775,0.0075,2.0785,0.0085,-0.0085,Welbanks et al. 2024,0.14417,0.00029,-0.0003,Calculated,0.94,0.0281,-0.0281,Calculated,,,,0.67,0.02,-0.02,Piaulet et al. 2021
2.8775,0.0075,2.0834,0.0087,-0.0087,Welbanks et al. 2024,0.14434,0.0003,-0.0003,Calculated,0.9411,0.0282,-0.0282,Calculated,,,,0.67,0.02,-0.02,Piaulet et al. 2021
2.8922,0.0073,2.0873,0.0111,-0.0111,Welbanks et al. 2024,0.14447,0.00038,-0.00038,Calculated,0.942,0.0282,-0.0282,Calculated,,,,0.67,0.02,-0.02,Piaulet et al. 2021
2.8925,0.0075,2.0816,0.0081,-0.0081,Welbanks et al. 2024,0.14428,0.00028,-0.00028,Calculated,0.9407,0.0281,-0.0281,Calculated,,,,0.67,0.02,-0.02,Piaulet et al. 2021
2.8925,0.0075,2.0861,0.0084,-0.0084,Welbanks et al. 2024,0.14443,0.00029,-0.00029,Calculated,0.9417,0.0282,-0.0282,Calculated,,,,0.67,0.02,-0.02,Piaulet et al. 2021
2.9072,0.0077,2.0651,0.0111,-0.0111,Welbanks et al. 2024,0.1437,0.00039,-0.00039,Calculated,0.9369,0.0281,-0.0281,Calculated,,,,0.67,0.02,-0.02,Piaulet et al. 2021
2.9075,0.0075,2.0813,0.0087,-0.0087,Welbanks et al. 2024,0.14427,0.0003,-0.0003,Calculated,0.9406,0.0281,-0.0281,Calculated,,,,0.67,0.02,-0.02,Piaulet et al. 2021
2.9075,0.0075,2.0803,0.0086,-0.0086,Welbanks et al. 2024,0.14423,0.0003,-0.0003,Calculated,0.9404,0.0281,-0.0281,Calculated,,,,0.67,0.02,-0.02,Piaulet et al. 2021
2.9222,0.0073,2.0799,0.0106,-0.0106,Welbanks et al. 2024,0.14422,0.00037,-0.00037,Calculated,0.9403,0.0282,-0.0282,Calculated,,,,0.67,0.02,-0.02,Piaulet et al. 2021
2.9225,0.0075,2.0825,0.008,-0.008,Welbanks et al. 2024,0.14431,0.00028,-0.00028,Calculated,0.9409,0.0281,-0.0281,Calculated,,,,0.67,0.02,-0.02,Piaulet et al. 2021
2.9225,0.0075,2.0881,0.008,-0.008,Welbanks et al. 2024,0.1445,0.00028,-0.00028,Calculated,0.9421,0.0282,-0.0282,Calculated,,,,0.67,0.02,-0.02,Piaulet et al. 2021
2.9372,0.0077,2.093,0.0112,-0.0112,Welbanks et al. 2024,0.14467,0.00039,-0.00039,Calculated,0.9432,0.0283,-0.0283,Calculated,,,,0.67,0.02,-0.02,Piaulet et al. 2021
2.9375,0.0075,2.0988,0.0085,-0.0085,Welbanks et al. 2024,0.14487,0.00029,-0.00029,Calculated,0.9445,0.0283,-0.0283,Calculated,,,,0.67,0.02,-0.02,Piaulet et al. 2021
2.9375,0.0075,2.0971,0.0078,-0.0078,Welbanks et al. 2024,0.14481,0.00027,-0.00027,Calculated,0.9442,0.0282,-0.0282,Calculated,,,,0.67,0.02,-0.02,Piaulet et al. 2021
2.9523,0.0073,2.0816,0.011,-0.011,Welbanks et al. 2024,0.14428,0.00038,-0.00038,Calculated,0.9407,0.0282,-0.0282,Calculated,,,,0.67,0.02,-0.02,Piaulet et al. 2021
2.9525,0.0075,2.0864,0.0081,-0.0081,Welbanks et al. 2024,0.14444,0.00028,-0.00028,Calculated,0.9418,0.0282,-0.0282,Calculated,,,,0.67,0.02,-0.02,Piaulet et al. 2021
2.9525,0.0075,2.0877,0.0083,-0.0083,Welbanks et al. 2024,0.14449,0.00029,-0.00029,Calculated,0.942,0.0282,-0.0282,Calculated,,,,0.67,0.02,-0.02,Piaulet et al. 2021
2.9668,0.0073,2.0785,0.0103,-0.0103,Welbanks et al. 2024,0.14417,0.00036,-0.00036,Calculated,0.94,0.0282,-0.0282,Calculated,,,,0.67,0.02,-0.02,Piaulet et al. 2021
2.9675,0.0075,2.079,0.0078,-0.0078,Welbanks et al. 2024,0.14419,0.00027,-0.00027,Calculated,0.9401,0.0281,-0.0281,Calculated,,,,0.67,0.02,-0.02,Piaulet et al. 2021
2.9675,0.0075,2.0801,0.0077,-0.0077,Welbanks et al. 2024,0.14423,0.00027,-0.00027,Calculated,0.9403,0.0281,-0.0281,Calculated,,,,0.67,0.02,-0.02,Piaulet et al. 2021
2.9818,0.0077,2.0847,0.0102,-0.0102,Welbanks et al. 2024,0.14438,0.00035,-0.00035,Calculated,0.9414,0.0282,-0.0282,Calculated,,,,0.67,0.02,-0.02,Piaulet et al. 2021
2.9825,0.0075,2.0887,0.008,-0.008,Welbanks et al. 2024,0.14452,0.00028,-0.00028,Calculated,0.9423,0.0282,-0.0282,Calculated,,,,0.67,0.02,-0.02,Piaulet et al. 2021
2.9825,0.0075,2.0916,0.0081,-0.0081,Welbanks et al. 2024,0.14462,0.00028,-0.00028,Calculated,0.9429,0.0282,-0.0282,Calculated,,,,0.67,0.02,-0.02,Piaulet et al. 2021
2.9969,0.0073,2.0541,0.0103,-0.0103,Welbanks et al. 2024,0.14332,0.00036,-0.00036,Calculated,0.9344,0.028,-0.028,Calculated,,,,0.67,0.02,-0.02,Piaulet et al. 2021
2.9975,0.0075,2.0705,0.0078,-0.0078,Welbanks et al. 2024,0.14389,0.00027,-0.00027,Calculated,0.9382,0.0281,-0.0281,Calculated,,,,0.67,0.02,-0.02,Piaulet et al. 2021
2.9975,0.0075,2.0735,0.0077,-0.0077,Welbanks et al. 2024,0.144,0.00027,-0.00027,Calculated,0.9388,0.0281,-0.0281,Calculated,,,,0.67,0.02,-0.02,Piaulet et al. 2021
3.0119,0.0077,2.0809,0.0103,-0.0103,Welbanks et al. 2024,0.14425,0.00036,-0.00036,Calculated,0.9405,0.0282,-0.0282,Calculated,,,,0.67,0.02,-0.02,Piaulet et al. 2021
3.0125,0.0075,2.0836,0.0077,-0.0077,Welbanks et al. 2024,0.14435,0.00027,-0.00027,Calculated,0.9411,0.0281,-0.0281,Calculated,,,,0.67,0.02,-0.02,Piaulet et al. 2021
3.0125,0.0075,2.0845,0.0079,-0.0079,Welbanks et al. 2024,0.14438,0.00027,-0.00027,Calculated,0.9413,0.0282,-0.0282,Calculated,,,,0.67,0.02,-0.02,Piaulet et al. 2021
3.0269,0.0073,2.0679,0.0108,-0.0108,Welbanks et al. 2024,0.1438,0.00038,-0.00038,Calculated,0.9376,0.0281,-0.0281,Calculated,,,,0.67,0.02,-0.02,Piaulet et al. 2021
3.0275,0.0075,2.0666,0.008,-0.008,Welbanks et al. 2024,0.14376,0.00028,-0.00028,Calculated,0.9373,0.028,-0.028,Calculated,,,,0.67,0.02,-0.02,Piaulet et al. 2021
3.0275,0.0075,2.0716,0.008,-0.008,Welbanks et al. 2024,0.14393,0.00028,-0.00028,Calculated,0.9384,0.0281,-0.0281,Calculated,,,,0.67,0.02,-0.02,Piaulet et al. 2021
3.042,0.0077,2.0743,0.0102,-0.0102,Welbanks et al. 2024,0.14402,0.00035,-0.00035,Calculated,0.939,0.0281,-0.0281,Calculated,,,,0.67,0.02,-0.02,Piaulet et al. 2021
3.0425,0.0075,2.0836,0.0084,-0.0084,Welbanks et al. 2024,0.14435,0.00029,-0.00029,Calculated,0.9411,0.0282,-0.0282,Calculated,,,,0.67,0.02,-0.02,Piaulet et al. 2021
3.0425,0.0075,2.0841,0.0082,-0.0082,Welbanks et al. 2024,0.14436,0.00028,-0.00028,Calculated,0.9412,0.0282,-0.0282,Calculated,,,,0.67,0.02,-0.02,Piaulet et al. 2021
3.057,0.0073,2.0722,0.0105,-0.0105,Welbanks et al. 2024,0.14395,0.00036,-0.00037,Calculated,0.9385,0.0281,-0.0281,Calculated,,,,0.67,0.02,-0.02,Piaulet et al. 2021
3.0575,0.0075,2.0803,0.0085,-0.0085,Welbanks et al. 2024,0.14423,0.00029,-0.00029,Calculated,0.9404,0.0281,-0.0281,Calculated,,,,0.67,0.02,-0.02,Piaulet et al. 2021
3.0575,0.0075,2.0774,0.0081,-0.0081,Welbanks et al. 2024,0.14413,0.00028,-0.00028,Calculated,0.9397,0.0281,-0.0281,Calculated,,,,0.67,0.02,-0.02,Piaulet et al. 2021
3.0721,0.0078,2.0766,0.011,-0.011,Welbanks et al. 2024,0.1441,0.00038,-0.00038,Calculated,0.9395,0.0282,-0.0282,Calculated,,,,0.67,0.02,-0.02,Piaulet et al. 2021
3.0725,0.0075,2.0759,0.0083,-0.0083,Welbanks et al. 2024,0.14408,0.00029,-0.00029,Calculated,0.9394,0.0281,-0.0281,Calculated,,,,0.67,0.02,-0.02,Piaulet et al. 2021
3.0725,0.0075,2.0816,0.0085,-0.0085,Welbanks et al. 2024,0.14428,0.00029,-0.00029,Calculated,0.9407,0.0281,-0.0281,Calculated,,,,0.67,0.02,-0.02,Piaulet et al. 2021
3.0872,0.0073,2.0617,0.0112,-0.0112,Welbanks et al. 2024,0.14359,0.00039,-0.00039,Calculated,0.9362,0.0281,-0.0281,Calculated,,,,0.67,0.02,-0.02,Piaulet et al. 2021
3.0875,0.0075,2.0727,0.0083,-0.0083,Welbanks et al. 2024,0.14397,0.00029,-0.00029,Calculated,0.9387,0.0281,-0.0281,Calculated,,,,0.67,0.02,-0.02,Piaulet et al. 2021
3.0875,0.0075,2.0646,0.0081,-0.0081,Welbanks et al. 2024,0.14369,0.00028,-0.00028,Calculated,0.9368,0.028,-0.028,Calculated,,,,0.67,0.02,-0.02,Piaulet et al. 2021
3.1017,0.0073,2.0808,0.0104,-0.0104,Welbanks et al. 2024,0.14425,0.00036,-0.00036,Calculated,0.9405,0.0282,-0.0282,Calculated,,,,0.67,0.02,-0.02,Piaulet et al. 2021
3.1025,0.0075,2.0769,0.0082,-0.0082,Welbanks et al. 2024,0.14411,0.00028,-0.00028,Calculated,0.9396,0.0281,-0.0281,Calculated,,,,0.67,0.02,-0.02,Piaulet et al. 2021
3.1025,0.0075,2.08,0.0078,-0.0078,Welbanks et al. 2024,0.14422,0.00027,-0.00027,Calculated,0.9403,0.0281,-0.0281,Calculated,,,,0.67,0.02,-0.02,Piaulet et al. 2021
3.1168,0.0078,2.0515,0.0097,-0.0097,Welbanks et al. 2024,0.14323,0.00034,-0.00034,Calculated,0.9338,0.028,-0.028,Calculated,,,,0.67,0.02,-0.02,Piaulet et al. 2021
3.1175,0.0075,2.0625,0.008,-0.008,Welbanks et al. 2024,0.14361,0.00028,-0.00028,Calculated,0.9363,0.028,-0.028,Calculated,,,,0.67,0.02,-0.02,Piaulet et al. 2021
3.1175,0.0075,2.0651,0.008,-0.008,Welbanks et al. 2024,0.1437,0.00028,-0.00028,Calculated,0.9369,0.028,-0.028,Calculated,,,,0.67,0.02,-0.02,Piaulet et al. 2021
3.1319,0.0073,2.0517,0.0105,-0.0105,Welbanks et al. 2024,0.14324,0.00037,-0.00037,Calculated,0.9339,0.028,-0.028,Calculated,,,,0.67,0.02,-0.02,Piaulet et al. 2021
3.1325,0.0075,2.0603,0.0088,-0.0088,Welbanks et al. 2024,0.14354,0.00031,-0.00031,Calculated,0.9358,0.028,-0.028,Calculated,,,,0.67,0.02,-0.02,Piaulet et al. 2021
3.1325,0.0075,2.0564,0.0082,-0.0082,Welbanks et al. 2024,0.1434,0.00029,-0.00029,Calculated,0.935,0.028,-0.028,Calculated,,,,0.67,0.02,-0.02,Piaulet et al. 2021
3.147,0.0078,2.0764,0.0101,-0.0101,Welbanks et al. 2024,0.1441,0.00035,-0.00035,Calculated,0.9395,0.0281,-0.0281,Calculated,,,,0.67,0.02,-0.02,Piaulet et al. 2021
3.1475,0.0075,2.0805,0.0073,-0.0073,Welbanks et al. 2024,0.14424,0.00025,-0.00025,Calculated,0.9404,0.0281,-0.0281,Calculated,,,,0.67,0.02,-0.02,Piaulet et al. 2021
3.1475,0.0075,2.0885,0.0075,-0.0075,Welbanks et al. 2024,0.14452,0.00026,-0.00026,Calculated,0.9422,0.0282,-0.0282,Calculated,,,,0.67,0.02,-0.02,Piaulet et al. 2021
3.1621,0.0073,2.0505,0.0104,-0.0104,Welbanks et al. 2024,0.1432,0.00036,-0.00036,Calculated,0.9336,0.028,-0.028,Calculated,,,,0.67,0.02,-0.02,Piaulet et al. 2021
3.1625,0.0075,2.0593,0.0077,-0.0077,Welbanks et al. 2024,0.1435,0.00027,-0.00027,Calculated,0.9356,0.028,-0.028,Calculated,,,,0.67,0.02,-0.02,Piaulet et al. 2021
3.1625,0.0075,2.056,0.0078,-0.0078,Welbanks et al. 2024,0.14339,0.00027,-0.00027,Calculated,0.9349,0.028,-0.028,Calculated,,,,0.67,0.02,-0.02,Piaulet et al. 2021
3.1771,0.0078,2.0514,0.0087,-0.0087,Welbanks et al. 2024,0.14323,0.0003,-0.0003,Calculated,0.9338,0.0279,-0.0279,Calculated,,,,0.67,0.02,-0.02,Piaulet et al. 2021
3.1775,0.0075,2.0468,0.0078,-0.0078,Welbanks et al. 2024,0.14307,0.00027,-0.00027,Calculated,0.9328,0.0279,-0.0279,Calculated,,,,0.67,0.02,-0.02,Piaulet et al. 2021
3.1775,0.0075,2.0525,0.0076,-0.0076,Welbanks et al. 2024,0.14327,0.00026,-0.00027,Calculated,0.9341,0.0279,-0.0279,Calculated,,,,0.67,0.02,-0.02,Piaulet et al. 2021
3.1922,0.0073,2.0279,0.01,-0.01,Welbanks et al. 2024,0.1424,0.00035,-0.00035,Calculated,0.9285,0.0278,-0.0278,Calculated,,,,0.67,0.02,-0.02,Piaulet et al. 2021
3.1925,0.0075,2.0441,0.0084,-0.0084,Welbanks et al. 2024,0.14297,0.00029,-0.00029,Calculated,0.9322,0.0279,-0.0279,Calculated,,,,0.67,0.02,-0.02,Piaulet et al. 2021
3.1925,0.0075,2.0431,0.0079,-0.0079,Welbanks et al. 2024,0.14294,0.00028,-0.00028,Calculated,0.9319,0.0279,-0.0279,Calculated,,,,0.67,0.02,-0.02,Piaulet et al. 2021
3.2068,0.0073,2.054,0.009,-0.009,Welbanks et al. 2024,0.14332,0.00031,-0.00031,Calculated,0.9344,0.028,-0.028,Calculated,,,,0.67,0.02,-0.02,Piaulet et al. 2021
3.2075,0.0075,2.0558,0.0073,-0.0073,Welbanks et al. 2024,0.14338,0.00025,-0.00025,Calculated,0.9348,0.028,-0.028,Calculated,,,,0.67,0.02,-0.02,Piaulet et al. 2021
3.2075,0.0075,2.0592,0.0076,-0.0076,Welbanks et al. 2024,0.1435,0.00026,-0.00027,Calculated,0.9356,0.028,-0.028,Calculated,,,,0.67,0.02,-0.02,Piaulet et al. 2021
3.2219,0.0078,2.0405,0.0098,-0.0098,Welbanks et al. 2024,0.14285,0.00034,-0.00034,Calculated,0.9313,0.0279,-0.0279,Calculated,,,,0.67,0.02,-0.02,Piaulet et al. 2021
3.2225,0.0075,2.0478,0.0079,-0.0079,Welbanks et al. 2024,0.1431,0.00028,-0.00028,Calculated,0.933,0.0279,-0.0279,Calculated,,,,0.67,0.02,-0.02,Piaulet et al. 2021
3.2225,0.0075,2.0541,0.0078,-0.0078,Welbanks et al. 2024,0.14332,0.00027,-0.00027,Calculated,0.9344,0.028,-0.028,Calculated,,,,0.67,0.02,-0.02,Piaulet et al. 2021
3.2371,0.0073,2.0598,0.0101,-0.0101,Welbanks et al. 2024,0.14352,0.00035,-0.00035,Calculated,0.9357,0.028,-0.028,Calculated,,,,0.67,0.02,-0.02,Piaulet et al. 2021
3.2375,0.0075,2.0587,0.0075,-0.0075,Welbanks et al. 2024,0.14348,0.00026,-0.00026,Calculated,0.9355,0.028,-0.028,Calculated,,,,0.67,0.02,-0.02,Piaulet et al. 2021
3.2375,0.0075,2.0681,0.008,-0.008,Welbanks et al. 2024,0.14381,0.00028,-0.00028,Calculated,0.9376,0.028,-0.028,Calculated,,,,0.67,0.02,-0.02,Piaulet et al. 2021
3.2522,0.0078,2.048,0.0098,-0.0098,Welbanks et al. 2024,0.14311,0.00034,-0.00034,Calculated,0.933,0.0279,-0.0279,Calculated,,,,0.67,0.02,-0.02,Piaulet et al. 2021
3.2525,0.0075,2.0569,0.008,-0.008,Welbanks et al. 2024,0.14342,0.00028,-0.00028,Calculated,0.9351,0.028,-0.028,Calculated,,,,0.67,0.02,-0.02,Piaulet et al. 2021
3.2525,0.0075,2.0551,0.008,-0.008,Welbanks et al. 2024,0.14336,0.00028,-0.00028,Calculated,0.9347,0.028,-0.028,Calculated,,,,0.67,0.02,-0.02,Piaulet et al. 2021
3.2673,0.0073,2.0502,0.0098,-0.0098,Welbanks et al. 2024,0.14319,0.00034,-0.00034,Calculated,0.9335,0.028,-0.028,Calculated,,,,0.67,0.02,-0.02,Piaulet et al. 2021
3.2675,0.0075,2.0587,0.0081,-0.0081,Welbanks et al. 2024,0.14348,0.00028,-0.00028,Calculated,0.9355,0.028,-0.028,Calculated,,,,0.67,0.02,-0.02,Piaulet et al. 2021
3.2675,0.0075,2.0547,0.0077,-0.0077,Welbanks et al. 2024,0.14334,0.00027,-0.00027,Calculated,0.9346,0.028,-0.028,Calculated,,,,0.67,0.02,-0.02,Piaulet et al. 2021
3.2819,0.0073,2.051,0.0096,-0.0096,Welbanks et al. 2024,0.14321,0.00033,-0.00034,Calculated,0.9337,0.028,-0.028,Calculated,,,,0.67,0.02,-0.02,Piaulet et al. 2021
3.2825,0.0075,2.0622,0.0073,-0.0073,Welbanks et al. 2024,0.1436,0.00025,-0.00025,Calculated,0.9363,0.028,-0.028,Calculated,,,,0.67,0.02,-0.02,Piaulet et al. 2021
3.2825,0.0075,2.0593,0.0078,-0.0078,Welbanks et al. 2024,0.1435,0.00027,-0.00027,Calculated,0.9356,0.028,-0.028,Calculated,,,,0.67,0.02,-0.02,Piaulet et al. 2021
3.297,0.0078,2.0551,0.0096,-0.0096,Welbanks et al. 2024,0.14336,0.00033,-0.00034,Calculated,0.9347,0.028,-0.028,Calculated,,,,0.67,0.02,-0.02,Piaulet et al. 2021
3.2975,0.0075,2.055,0.0075,-0.0075,Welbanks et al. 2024,0.14335,0.00026,-0.00026,Calculated,0.9346,0.028,-0.028,Calculated,,,,0.67,0.02,-0.02,Piaulet et al. 2021
3.2975,0.0075,2.0601,0.0076,-0.0076,Welbanks et al. 2024,0.14353,0.00026,-0.00026,Calculated,0.9358,0.028,-0.028,Calculated,,,,0.67,0.02,-0.02,Piaulet et al. 2021
3.3121,0.0073,2.0531,0.0098,-0.0098,Welbanks et al. 2024,0.14329,0.00034,-0.00034,Calculated,0.9342,0.028,-0.028,Calculated,,,,0.67,0.02,-0.02,Piaulet et al. 2021
3.3125,0.0075,2.0635,0.0075,-0.0075,Welbanks et al. 2024,0.14365,0.00026,-0.00026,Calculated,0.9366,0.028,-0.028,Calculated,,,,0.67,0.02,-0.02,Piaulet et al. 2021
3.3125,0.0075,2.0681,0.0075,-0.0075,Welbanks et al. 2024,0.14381,0.00026,-0.00026,Calculated,0.9376,0.028,-0.028,Calculated,,,,0.67,0.02,-0.02,Piaulet et al. 2021
3.3268,0.0073,2.0698,0.0104,-0.0104,Welbanks et al. 2024,0.14387,0.00036,-0.00036,Calculated,0.938,0.0281,-0.0281,Calculated,,,,0.67,0.02,-0.02,Piaulet et al. 2021
3.3275,0.0075,2.0772,0.008,-0.008,Welbanks et al. 2024,0.14412,0.00028,-0.00028,Calculated,0.9397,0.0281,-0.0281,Calculated,,,,0.67,0.02,-0.02,Piaulet et al. 2021
3.3275,0.0075,2.0795,0.008,-0.008,Welbanks et al. 2024,0.1442,0.00028,-0.00028,Calculated,0.9402,0.0281,-0.0281,Calculated,,,,0.67,0.02,-0.02,Piaulet et al. 2021
3.3419,0.0078,2.0547,0.009,-0.009,Welbanks et al. 2024,0.14334,0.00031,-0.00031,Calculated,0.9346,0.028,-0.028,Calculated,,,,0.67,0.02,-0.02,Piaulet et al. 2021
3.3425,0.0075,2.0595,0.0075,-0.0075,Welbanks et al. 2024,0.14351,0.00026,-0.00026,Calculated,0.9357,0.028,-0.028,Calculated,,,,0.67,0.02,-0.02,Piaulet et al. 2021
3.3425,0.0075,2.0623,0.0077,-0.0077,Welbanks et al. 2024,0.14361,0.00027,-0.00027,Calculated,0.9363,0.028,-0.028,Calculated,,,,0.67,0.02,-0.02,Piaulet et al. 2021
3.357,0.0073,2.0633,0.01,-0.01,Welbanks et al. 2024,0.14364,0.00035,-0.00035,Calculated,0.9365,0.028,-0.028,Calculated,,,,0.67,0.02,-0.02,Piaulet et al. 2021
3.3575,0.0075,2.0555,0.0071,-0.0071,Welbanks et al. 2024,0.14337,0.00025,-0.00025,Calculated,0.9348,0.0279,-0.0279,Calculated,,,,0.67,0.02,-0.02,Piaulet et al. 2021
3.3575,0.0075,2.0616,0.0074,-0.0074,Welbanks et al. 2024,0.14358,0.00026,-0.00026,Calculated,0.9361,0.028,-0.028,Calculated,,,,0.67,0.02,-0.02,Piaulet et al. 2021
3.3722,0.0078,2.0409,0.0096,-0.0096,Welbanks et al. 2024,0.14286,0.00034,-0.00034,Calculated,0.9314,0.0279,-0.0279,Calculated,,,,0.67,0.02,-0.02,Piaulet et al. 2021
3.3725,0.0075,2.0604,0.0076,-0.0076,Welbanks et al. 2024,0.14354,0.00026,-0.00026,Calculated,0.9359,0.028,-0.028,Calculated,,,,0.67,0.02,-0.02,Piaulet et al. 2021
3.3725,0.0075,2.0621,0.0075,-0.0075,Welbanks et al. 2024,0.1436,0.00026,-0.00026,Calculated,0.9363,0.028,-0.028,Calculated,,,,0.67,0.02,-0.02,Piaulet et al. 2021
3.3873,0.0073,2.041,0.0095,-0.0095,Welbanks et al. 2024,0.14286,0.00033,-0.00033,Calculated,0.9315,0.0279,-0.0279,Calculated,,,,0.67,0.02,-0.02,Piaulet et al. 2021
3.3875,0.0075,2.0425,0.0078,-0.0078,Welbanks et al. 2024,0.14292,0.00027,-0.00027,Calculated,0.9318,0.0279,-0.0279,Calculated,,,,0.67,0.02,-0.02,Piaulet et al. 2021
3.3875,0.0075,2.0458,0.0073,-0.0073,Welbanks et al. 2024,0.14303,0.00025,-0.00026,Calculated,0.9325,0.0279,-0.0279,Calculated,,,,0.67,0.02,-0.02,Piaulet et al. 2021
3.402,0.0073,2.0374,0.0091,-0.0091,Welbanks et al. 2024,0.14274,0.00032,-0.00032,Calculated,0.9306,0.0279,-0.0279,Calculated,,,,0.67,0.02,-0.02,Piaulet et al. 2021
3.4025,0.0075,2.0401,0.0081,-0.0081,Welbanks et al. 2024,0.14283,0.00028,-0.00028,Calculated,0.9312,0.0279,-0.0279,Calculated,,,,0.67,0.02,-0.02,Piaulet et al. 2021
3.4025,0.0075,2.038,0.0083,-0.0083,Welbanks et al. 2024,0.14276,0.00029,-0.00029,Calculated,0.9308,0.0278,-0.0278,Calculated,,,,0.67,0.02,-0.02,Piaulet et al. 2021
3.4171,0.0078,2.0392,0.0103,-0.0103,Welbanks et al. 2024,0.1428,0.00036,-0.00036,Calculated,0.931,0.0279,-0.0279,Calculated,,,,0.67,0.02,-0.02,Piaulet et al. 2021
3.4175,0.0075,2.0417,0.0082,-0.0082,Welbanks et al. 2024,0.14289,0.00029,-0.00029,Calculated,0.9316,0.0279,-0.0279,Calculated,,,,0.67,0.02,-0.02,Piaulet et al. 2021
3.4175,0.0075,2.0416,0.0081,-0.0081,Welbanks et al. 2024,0.14288,0.00028,-0.00028,Calculated,0.9316,0.0279,-0.0279,Calculated,,,,0.67,0.02,-0.02,Piaulet et al. 2021
3.4322,0.0073,2.0321,0.0103,-0.0103,Welbanks et al. 2024,0.14255,0.00036,-0.00036,Calculated,0.9294,0.0278,-0.0278,Calculated,,,,0.67,0.02,-0.02,Piaulet et al. 2021
3.4325,0.0075,2.0368,0.0078,-0.0078,Welbanks et al. 2024,0.14272,0.00027,-0.00027,Calculated,0.9305,0.0278,-0.0278,Calculated,,,,0.67,0.02,-0.02,Piaulet et al. 2021
3.4325,0.0075,2.0392,0.0079,-0.0079,Welbanks et al. 2024,0.1428,0.00028,-0.00028,Calculated,0.931,0.0279,-0.0279,Calculated,,,,0.67,0.02,-0.02,Piaulet et al. 2021
3.4469,0.0073,2.038,0.0097,-0.0097,Welbanks et al. 2024,0.14276,0.00034,-0.00034,Calculated,0.9308,0.0279,-0.0279,Calculated,,,,0.67,0.02,-0.02,Piaulet et al. 2021
3.4475,0.0075,2.0412,0.0078,-0.0078,Welbanks et al. 2024,0.14287,0.00027,-0.00027,Calculated,0.9315,0.0279,-0.0279,Calculated,,,,0.67,0.02,-0.02,Piaulet et al. 2021
3.4475,0.0075,2.0409,0.0079,-0.0079,Welbanks et al. 2024,0.14286,0.00028,-0.00028,Calculated,0.9314,0.0279,-0.0279,Calculated,,,,0.67,0.02,-0.02,Piaulet et al. 2021
3.4621,0.0078,2.0506,0.0109,-0.0109,Welbanks et al. 2024,0.1432,0.00038,-0.00038,Calculated,0.9336,0.028,-0.028,Calculated,,,,0.67,0.02,-0.02,Piaulet et al. 2021
3.4625,0.0075,2.0507,0.0082,-0.0082,Welbanks et al. 2024,0.1432,0.00029,-0.00029,Calculated,0.9337,0.0279,-0.0279,Calculated,,,,0.67,0.02,-0.02,Piaulet et al. 2021
3.4625,0.0075,2.0541,0.0081,-0.0081,Welbanks et al. 2024,0.14332,0.00028,-0.00028,Calculated,0.9344,0.028,-0.028,Calculated,,,,0.67,0.02,-0.02,Piaulet et al. 2021
3.4772,0.0073,2.0404,0.0097,-0.0097,Welbanks et al. 2024,0.14284,0.00034,-0.00034,Calculated,0.9313,0.0279,-0.0279,Calculated,,,,0.67,0.02,-0.02,Piaulet et al. 2021
3.4775,0.0075,2.0417,0.0077,-0.0077,Welbanks et al. 2024,0.14289,0.00027,-0.00027,Calculated,0.9316,0.0279,-0.0279,Calculated,,,,0.67,0.02,-0.02,Piaulet et al. 2021
3.4775,0.0075,2.0416,0.0079,-0.0079,Welbanks et al. 2024,0.14288,0.00028,-0.00028,Calculated,0.9316,0.0279,-0.0279,Calculated,,,,0.67,0.02,-0.02,Piaulet et al. 2021
3.4919,0.0073,2.0352,0.0101,-0.0101,Welbanks et al. 2024,0.14266,0.00035,-0.00035,Calculated,0.9301,0.0279,-0.0279,Calculated,,,,0.67,0.02,-0.02,Piaulet et al. 2021
3.4925,0.0075,2.0462,0.0078,-0.0078,Welbanks et al. 2024,0.14305,0.00027,-0.00027,Calculated,0.9326,0.0279,-0.0279,Calculated,,,,0.67,0.02,-0.02,Piaulet et al. 2021
3.4925,0.0075,2.0486,0.0077,-0.0077,Welbanks et al. 2024,0.14313,0.00027,-0.00027,Calculated,0.9332,0.0279,-0.0279,Calculated,,,,0.67,0.02,-0.02,Piaulet et al. 2021
3.507,0.0078,2.0225,0.0104,-0.0104,Welbanks et al. 2024,0.14221,0.00037,-0.00037,Calculated,0.9272,0.0278,-0.0278,Calculated,,,,0.67,0.02,-0.02,Piaulet et al. 2021
3.5075,0.0075,2.043,0.0081,-0.0081,Welbanks et al. 2024,0.14293,0.00028,-0.00028,Calculated,0.9319,0.0279,-0.0279,Calculated,,,,0.67,0.02,-0.02,Piaulet et al. 2021
3.5075,0.0075,2.041,0.0081,-0.0081,Welbanks et al. 2024,0.14286,0.00028,-0.00028,Calculated,0.9315,0.0279,-0.0279,Calculated,,,,0.67,0.02,-0.02,Piaulet et al. 2021
3.5222,0.0073,2.0301,0.0109,-0.0109,Welbanks et al. 2024,0.14248,0.00038,-0.00038,Calculated,0.929,0.0278,-0.0278,Calculated,,,,0.67,0.02,-0.02,Piaulet et al. 2021
3.5225,0.0075,2.0332,0.008,-0.008,Welbanks et al. 2024,0.14259,0.00028,-0.00028,Calculated,0.9297,0.0278,-0.0278,Calculated,,,,0.67,0.02,-0.02,Piaulet et al. 2021
3.5225,0.0075,2.0328,0.0079,-0.0079,Welbanks et al. 2024,0.14258,0.00028,-0.00028,Calculated,0.9296,0.0278,-0.0278,Calculated,,,,0.67,0.02,-0.02,Piaulet et al. 2021
3.5369,0.0073,2.0423,0.0098,-0.0098,Welbanks et al. 2024,0.14291,0.00034,-0.00034,Calculated,0.9317,0.0279,-0.0279,Calculated,,,,0.67,0.02,-0.02,Piaulet et al. 2021
3.5375,0.0075,2.0378,0.0078,-0.0078,Welbanks et al. 2024,0.14275,0.00027,-0.00027,Calculated,0.9307,0.0278,-0.0278,Calculated,,,,0.67,0.02,-0.02,Piaulet et al. 2021
3.5375,0.0075,2.0403,0.0081,-0.0081,Welbanks et al. 2024,0.14284,0.00028,-0.00028,Calculated,0.9313,0.0279,-0.0279,Calculated,,,,0.67,0.02,-0.02,Piaulet et al. 2021
3.552,0.0078,2.0217,0.0093,-0.0093,Welbanks et al. 2024,0.14219,0.00033,-0.00033,Calculated,0.927,0.0278,-0.0278,Calculated,,,,0.67,0.02,-0.02,Piaulet et al. 2021
3.5525,0.0075,2.0229,0.0081,-0.0081,Welbanks et al. 2024,0.14223,0.00028,-0.00029,Calculated,0.9273,0.0277,-0.0277,Calculated,,,,0.67,0.02,-0.02,Piaulet et al. 2021
3.5525,0.0075,2.0234,0.0079,-0.0079,Welbanks et al. 2024,0.14225,0.00028,-0.00028,Calculated,0.9274,0.0277,-0.0277,Calculated,,,,0.67,0.02,-0.02,Piaulet et al. 2021
3.5672,0.0073,2.0184,0.0103,-0.0103,Welbanks et al. 2024,0.14207,0.00036,-0.00036,Calculated,0.9263,0.0278,-0.0278,Calculated,,,,0.67,0.02,-0.02,Piaulet et al. 2021
3.5675,0.0075,2.0241,0.0079,-0.0079,Welbanks et al. 2024,0.14227,0.00028,-0.00028,Calculated,0.9276,0.0277,-0.0277,Calculated,,,,0.67,0.02,-0.02,Piaulet et al. 2021
3.5675,0.0075,2.0244,0.0079,-0.0079,Welbanks et al. 2024,0.14228,0.00028,-0.00028,Calculated,0.9277,0.0278,-0.0278,Calculated,,,,0.67,0.02,-0.02,Piaulet et al. 2021
3.5819,0.0073,2.0162,0.0103,-0.0103,Welbanks et al. 2024,0.14199,0.00036,-0.00036,Calculated,0.9258,0.0277,-0.0277,Calculated,,,,0.67,0.02,-0.02,Piaulet et al. 2021
3.5825,0.0075,2.0292,0.0079,-0.0079,Welbanks et al. 2024,0.14245,0.00028,-0.00028,Calculated,0.9288,0.0278,-0.0278,Calculated,,,,0.67,0.02,-0.02,Piaulet et al. 2021
3.5825,0.0075,2.0276,0.008,-0.008,Welbanks et al. 2024,0.14239,0.00028,-0.00028,Calculated,0.9284,0.0278,-0.0278,Calculated,,,,0.67,0.02,-0.02,Piaulet et al. 2021
3.5971,0.0078,2.0255,0.0102,-0.0102,Welbanks et al. 2024,0.14232,0.00036,-0.00036,Calculated,0.9279,0.0278,-0.0278,Calculated,,,,0.67,0.02,-0.02,Piaulet et al. 2021
3.5975,0.0075,2.0355,0.0077,-0.0077,Welbanks et al. 2024,0.14267,0.00027,-0.00027,Calculated,0.9302,0.0278,-0.0278,Calculated,,,,0.67,0.02,-0.02,Piaulet et al. 2021
3.5975,0.0075,2.033,0.0082,-0.0082,Welbanks et al. 2024,0.14258,0.00029,-0.00029,Calculated,0.9296,0.0278,-0.0278,Calculated,,,,0.67,0.02,-0.02,Piaulet et al. 2021
3.6122,0.0073,2.0397,0.0107,-0.0107,Welbanks et al. 2024,0.14282,0.00037,-0.00038,Calculated,0.9312,0.0279,-0.0279,Calculated,,,,0.67,0.02,-0.02,Piaulet et al. 2021
3.6125,0.0075,2.0396,0.0081,-0.0081,Welbanks et al. 2024,0.14281,0.00028,-0.00028,Calculated,0.9311,0.0279,-0.0279,Calculated,,,,0.67,0.02,-0.02,Piaulet et al. 2021
3.6125,0.0075,2.0428,0.0084,-0.0084,Welbanks et al. 2024,0.14293,0.00029,-0.00029,Calculated,0.9319,0.0279,-0.0279,Calculated,,,,0.67,0.02,-0.02,Piaulet et al. 2021
3.6269,0.0073,2.0326,0.0099,-0.0099,Welbanks et al. 2024,0.14257,0.00035,-0.00035,Calculated,0.9295,0.0278,-0.0278,Calculated,,,,0.67,0.02,-0.02,Piaulet et al. 2021
3.6275,0.0075,2.0288,0.0076,-0.0076,Welbanks et al. 2024,0.14244,0.00027,-0.00027,Calculated,0.9287,0.0278,-0.0278,Calculated,,,,0.67,0.02,-0.02,Piaulet et al. 2021
3.6275,0.0075,2.0278,0.0081,-0.0081,Welbanks et al. 2024,0.1424,0.00028,-0.00028,Calculated,0.9284,0.0278,-0.0278,Calculated,,,,0.67,0.02,-0.02,Piaulet et al. 2021
3.6421,0.0078,2.0219,0.0099,-0.0099,Welbanks et al. 2024,0.14219,0.00035,-0.00035,Calculated,0.9271,0.0278,-0.0278,Calculated,,,,0.67,0.02,-0.02,Piaulet et al. 2021
3.6425,0.0075,2.032,0.0082,-0.0082,Welbanks et al. 2024,0.14255,0.00029,-0.00029,Calculated,0.9294,0.0278,-0.0278,Calculated,,,,0.67,0.02,-0.02,Piaulet et al. 2021
3.6425,0.0075,2.0252,0.0077,-0.0077,Welbanks et al. 2024,0.14231,0.00027,-0.00027,Calculated,0.9278,0.0278,-0.0278,Calculated,,,,0.67,0.02,-0.02,Piaulet et al. 2021
3.6573,0.0073,2.0275,0.0113,-0.0113,Welbanks et al. 2024,0.14239,0.0004,-0.0004,Calculated,0.9284,0.0278,-0.0278,Calculated,,,,0.67,0.02,-0.02,Piaulet et al. 2021
3.6575,0.0075,2.0288,0.0078,-0.0078,Welbanks et al. 2024,0.14244,0.00027,-0.00027,Calculated,0.9287,0.0278,-0.0278,Calculated,,,,0.67,0.02,-0.02,Piaulet et al. 2021
3.6575,0.0075,2.0266,0.0081,-0.0081,Welbanks et al. 2024,0.14236,0.00028,-0.00028,Calculated,0.9282,0.0278,-0.0278,Calculated,,,,0.67,0.02,-0.02,Piaulet et al. 2021
3.672,0.0073,2.0329,0.0105,-0.0105,Welbanks et al. 2024,0.14258,0.00037,-0.00037,Calculated,0.9296,0.0279,-0.0279,Calculated,,,,0.67,0.02,-0.02,Piaulet et al. 2021
3.6725,0.0075,2.0319,0.0078,-0.0078,Welbanks et al. 2024,0.14254,0.00027,-0.00027,Calculated,0.9294,0.0278,-0.0278,Calculated,,,,0.67,0.02,-0.02,Piaulet et al. 2021
3.6725,0.0075,2.0357,0.0082,-0.0082,Welbanks et al. 2024,0.14268,0.00029,-0.00029,Calculated,0.9302,0.0278,-0.0278,Calculated,,,,0.67,0.02,-0.02,Piaulet et al. 2021
3.6867,0.0073,2.0277,0.0113,-0.0113,Welbanks et al. 2024,0.1424,0.0004,-0.0004,Calculated,0.9284,0.0278,-0.0278,Calculated,,,,0.67,0.02,-0.02,Piaulet et al. 2021
3.6875,0.0075,2.034,0.0101,-0.0101,Welbanks et al. 2024,0.14262,0.00035,-0.00035,Calculated,0.9299,0.0279,-0.0279,Calculated,,,,0.67,0.02,-0.02,Piaulet et al. 2021
3.6875,0.0075,2.0281,0.0085,-0.0085,Welbanks et al. 2024,0.14241,0.0003,-0.0003,Calculated,0.9285,0.0278,-0.0278,Calculated,,,,0.67,0.02,-0.02,Piaulet et al. 2021
3.7019,0.0078,2.0302,0.0101,-0.0101,Welbanks et al. 2024,0.14249,0.00035,-0.00035,Calculated,0.929,0.0278,-0.0278,Calculated,,,,0.67,0.02,-0.02,Piaulet et al. 2021
3.7025,0.0075,2.0364,0.0088,-0.0088,Welbanks et al. 2024,0.1427,0.00031,-0.00031,Calculated,0.9304,0.0278,-0.0278,Calculated,,,,0.67,0.02,-0.02,Piaulet et al. 2021
3.7025,0.0075,2.0363,0.0083,-0.0083,Welbanks et al. 2024,0.1427,0.00029,-0.00029,Calculated,0.9304,0.0278,-0.0278,Calculated,,,,0.67,0.02,-0.02,Piaulet et al. 2021
3.7171,0.0073,2.0149,0.0113,-0.0113,Welbanks et al. 2024,0.14195,0.0004,-0.0004,Calculated,0.9255,0.0277,-0.0277,Calculated,,,,0.67,0.02,-0.02,Piaulet et al. 2021
3.7175,0.0075,2.0198,0.0085,-0.0085,Welbanks et al. 2024,0.14212,0.0003,-0.0003,Calculated,0.9266,0.0277,-0.0277,Calculated,,,,0.67,0.02,-0.02,Piaulet et al. 2021
3.7175,0.0075,2.0177,0.0087,-0.0087,Welbanks et al. 2024,0.14205,0.00031,-0.00031,Calculated,0.9261,0.0277,-0.0277,Calculated,,,,0.67,0.02,-0.02,Piaulet et al. 2021
3.7318,0.0073,2.0494,0.0105,-0.0105,Welbanks et al. 2024,0.14316,0.00037,-0.00037,Calculated,0.9334,0.028,-0.028,Calculated,,,,0.67,0.02,-0.02,Piaulet et al. 2021
3.7325,0.0075,2.0372,0.0081,-0.0081,Welbanks et al. 2024,0.14273,0.00028,-0.00028,Calculated,0.9306,0.0278,-0.0278,Calculated,,,,0.67,0.02,-0.02,Piaulet et al. 2021
3.7325,0.0075,2.0408,0.0082,-0.0082,Welbanks et al. 2024,0.14286,0.00029,-0.00029,Calculated,0.9314,0.0279,-0.0279,Calculated,,,,0.67,0.02,-0.02,Piaulet et al. 2021
3.747,0.0078,2.0202,0.0107,-0.0107,Welbanks et al. 2024,0.14213,0.00038,-0.00038,Calculated,0.9267,0.0278,-0.0278,Calculated,,,,0.67,0.02,-0.02,Piaulet et al. 2021
3.7475,0.0075,2.0281,0.008,-0.008,Welbanks et al. 2024,0.14241,0.00028,-0.00028,Calculated,0.9285,0.0278,-0.0278,Calculated,,,,0.67,0.02,-0.02,Piaulet et al. 2021
3.7475,0.0075,2.0296,0.008,-0.008,Welbanks et al. 2024,0.14246,0.00028,-0.00028,Calculated,0.9288,0.0278,-0.0278,Calculated,,,,0.67,0.02,-0.02,Piaulet et al. 2021
3.7622,0.0073,2.0225,0.0105,-0.0105,Welbanks et al. 2024,0.14221,0.00037,-0.00037,Calculated,0.9272,0.0278,-0.0278,Calculated,,,,0.67,0.02,-0.02,Piaulet et al. 2021
3.7625,0.0075,2.0305,0.0082,-0.0082,Welbanks et al. 2024,0.1425,0.00029,-0.00029,Calculated,0.9291,0.0278,-0.0278,Calculated,,,,0.67,0.02,-0.02,Piaulet et al. 2021
3.7625,0.0075,2.0321,0.0089,-0.0089,Welbanks et al. 2024,0.14255,0.00031,-0.00031,Calculated,0.9294,0.0278,-0.0278,Calculated,,,,0.67,0.02,-0.02,Piaulet et al. 2021
3.7769,0.0073,2.0203,0.0108,-0.0108,Welbanks et al. 2024,0.14214,0.00038,-0.00038,Calculated,0.9267,0.0278,-0.0278,Calculated,,,,0.67,0.02,-0.02,Piaulet et al. 2021
3.7775,0.0075,2.0284,0.0082,-0.0082,Welbanks et al. 2024,0.14242,0.00029,-0.00029,Calculated,0.9286,0.0278,-0.0278,Calculated,,,,0.67,0.02,-0.02,Piaulet et al. 2021
3.7775,0.0075,2.0288,0.009,-0.009,Welbanks et al. 2024,0.14244,0.00032,-0.00032,Calculated,0.9287,0.0278,-0.0278,Calculated,,,,0.67,0.02,-0.02,Piaulet et al. 2021
3.7921,0.0078,2.0151,0.0106,-0.0106,Welbanks et al. 2024,0.14195,0.00037,-0.00037,Calculated,0.9255,0.0277,-0.0277,Calculated,,,,0.67,0.02,-0.02,Piaulet et al. 2021
3.7925,0.0075,2.0171,0.0083,-0.0083,Welbanks et al. 2024,0.14202,0.00029,-0.00029,Calculated,0.926,0.0277,-0.0277,Calculated,,,,0.67,0.02,-0.02,Piaulet et al. 2021
3.7925,0.0075,2.0193,0.0084,-0.0084,Welbanks et al. 2024,0.1421,0.0003,-0.0003,Calculated,0.9265,0.0277,-0.0277,Calculated,,,,0.67,0.02,-0.02,Piaulet et al. 2021
3.8073,0.0073,2.0137,0.0108,-0.0108,Welbanks et al. 2024,0.1419,0.00038,-0.00038,Calculated,0.9252,0.0277,-0.0277,Calculated,,,,0.67,0.02,-0.02,Piaulet et al. 2021
3.8075,0.0075,2.0242,0.0083,-0.0083,Welbanks et al. 2024,0.14227,0.00029,-0.00029,Calculated,0.9276,0.0278,-0.0278,Calculated,,,,0.67,0.02,-0.02,Piaulet et al. 2021
3.8075,0.0075,2.0285,0.0086,-0.0086,Welbanks et al. 2024,0.14243,0.0003,-0.0003,Calculated,0.9286,0.0278,-0.0278,Calculated,,,,0.67,0.02,-0.02,Piaulet et al. 2021
3.822,0.0073,2.0103,0.0117,-0.0117,Welbanks et al. 2024,0.14179,0.00041,-0.00041,Calculated,0.9244,0.0277,-0.0277,Calculated,,,,0.67,0.02,-0.02,Piaulet et al. 2021
3.8225,0.0075,2.0242,0.0085,-0.0085,Welbanks et al. 2024,0.14227,0.0003,-0.0003,Calculated,0.9276,0.0278,-0.0278,Calculated,,,,0.67,0.02,-0.02,Piaulet et al. 2021
3.8225,0.0075,2.0243,0.0093,-0.0093,Welbanks et al. 2024,0.14228,0.00033,-0.00033,Calculated,0.9276,0.0278,-0.0278,Calculated,,,,0.67,0.02,-0.02,Piaulet et al. 2021
3.8367,0.0073,2.0264,0.0119,-0.0119,Welbanks et al. 2024,0.14235,0.00042,-0.00042,Calculated,0.9281,0.0278,-0.0278,Calculated,,,,0.67,0.02,-0.02,Piaulet et al. 2021
3.8375,0.0075,2.0329,0.0087,-0.0087,Welbanks et al. 2024,0.14258,0.0003,-0.00031,Calculated,0.9296,0.0278,-0.0278,Calculated,,,,0.67,0.02,-0.02,Piaulet et al. 2021
3.8375,0.0075,2.0348,0.0085,-0.0085,Welbanks et al. 2024,0.14265,0.0003,-0.0003,Calculated,0.93,0.0278,-0.0278,Calculated,,,,0.67,0.02,-0.02,Piaulet et al. 2021
3.8519,0.0078,2.0132,0.0107,-0.0107,Welbanks et al. 2024,0.14189,0.00038,-0.00038,Calculated,0.9251,0.0277,-0.0277,Calculated,,,,0.67,0.02,-0.02,Piaulet et al. 2021
3.8525,0.0075,2.024,0.0085,-0.0085,Welbanks et al. 2024,0.14227,0.0003,-0.0003,Calculated,0.9276,0.0278,-0.0278,Calculated,,,,0.67,0.02,-0.02,Piaulet et al. 2021
3.8525,0.0075,2.0215,0.0087,-0.0087,Welbanks et al. 2024,0.14218,0.00031,-0.00031,Calculated,0.927,0.0277,-0.0277,Calculated,,,,0.67,0.02,-0.02,Piaulet et al. 2021
3.8671,0.0073,2.0373,0.0121,-0.0121,Welbanks et al. 2024,0.14273,0.00042,-0.00042,Calculated,0.9306,0.0279,-0.0279,Calculated,,,,0.67,0.02,-0.02,Piaulet et al. 2021
3.8675,0.0075,2.0193,0.0092,-0.0092,Welbanks et al. 2024,0.1421,0.00032,-0.00032,Calculated,0.9265,0.0277,-0.0277,Calculated,,,,0.67,0.02,-0.02,Piaulet et al. 2021
3.8675,0.0075,2.0197,0.0096,-0.0096,Welbanks et al. 2024,0.14212,0.00034,-0.00034,Calculated,0.9266,0.0277,-0.0277,Calculated,,,,0.67,0.02,-0.02,Piaulet et al. 2021
3.8818,0.0073,2.0228,0.0119,-0.0119,Welbanks et al. 2024,0.14223,0.00042,-0.00042,Calculated,0.9273,0.0278,-0.0278,Calculated,,,,0.67,0.02,-0.02,Piaulet et al. 2021
3.8825,0.0075,2.0196,0.0092,-0.0092,Welbanks et al. 2024,0.14211,0.00032,-0.00032,Calculated,0.9266,0.0277,-0.0277,Calculated,,,,0.67,0.02,-0.02,Piaulet et al. 2021
3.8825,0.0075,2.0218,0.0091,-0.0091,Welbanks et al. 2024,0.14219,0.00032,-0.00032,Calculated,0.9271,0.0278,-0.0278,Calculated,,,,0.67,0.02,-0.02,Piaulet et al. 2021
3.897,0.0078,2.0259,0.0104,-0.0104,Welbanks et al. 2024,0.14233,0.00036,-0.00037,Calculated,0.928,0.0278,-0.0278,Calculated,,,,0.67,0.02,-0.02,Piaulet et al. 2021
3.8971,0.0078,2.0686,0.0132,-0.0132,Welbanks et al. 2024,0.14383,0.00046,-0.00046,Calculated,0.9377,0.0282,-0.0282,Calculated,,,,0.67,0.02,-0.02,Piaulet et al. 2021
3.8975,0.0075,2.0392,0.0119,-0.0119,Welbanks et al. 2024,0.1428,0.00042,-0.00042,Calculated,0.931,0.0279,-0.0279,Calculated,,,,0.67,0.02,-0.02,Piaulet et al. 2021
3.8975,0.0075,2.0387,0.0099,-0.0099,Welbanks et al. 2024,0.14278,0.00035,-0.00035,Calculated,0.9309,0.0279,-0.0279,Calculated,,,,0.67,0.02,-0.02,Piaulet et al. 2021
3.8975,0.0075,2.027,0.009,-0.009,Welbanks et al. 2024,0.14237,0.00032,-0.00032,Calculated,0.9283,0.0278,-0.0278,Calculated,,,,0.67,0.02,-0.02,Piaulet et al. 2021
3.8975,0.0075,2.0269,0.0085,-0.0085,Welbanks et al. 2024,0.14237,0.0003,-0.0003,Calculated,0.9282,0.0278,-0.0278,Calculated,,,,0.67,0.02,-0.02,Piaulet et al. 2021
3.9122,0.0073,2.0218,0.0103,-0.0103,Welbanks et al. 2024,0.14219,0.00036,-0.00036,Calculated,0.9271,0.0278,-0.0278,Calculated,,,,0.67,0.02,-0.02,Piaulet et al. 2021
3.9123,0.0073,2.0174,0.0124,-0.0124,Welbanks et al. 2024,0.14204,0.00044,-0.00044,Calculated,0.9261,0.0278,-0.0278,Calculated,,,,0.67,0.02,-0.02,Piaulet et al. 2021
3.9125,0.0075,2.0083,0.0103,-0.0103,Welbanks et al. 2024,0.14171,0.00036,-0.00036,Calculated,0.924,0.0277,-0.0277,Calculated,,,,0.67,0.02,-0.02,Piaulet et al. 2021
3.9125,0.0075,2.01,0.0093,-0.0093,Welbanks et al. 2024,0.14177,0.00033,-0.00033,Calculated,0.9244,0.0277,-0.0277,Calculated,,,,0.67,0.02,-0.02,Piaulet et al. 2021
3.9125,0.0075,2.0292,0.0086,-0.0086,Welbanks et al. 2024,0.14245,0.0003,-0.0003,Calculated,0.9288,0.0278,-0.0278,Calculated,,,,0.67,0.02,-0.02,Piaulet et al. 2021
3.9125,0.0075,2.0336,0.0086,-0.0086,Welbanks et al. 2024,0.1426,0.0003,-0.0003,Calculated,0.9298,0.0278,-0.0278,Calculated,,,,0.67,0.02,-0.02,Piaulet et al. 2021
3.9269,0.0073,2.0386,0.0103,-0.0103,Welbanks et al. 2024,0.14278,0.00036,-0.00036,Calculated,0.9309,0.0279,-0.0279,Calculated,,,,0.67,0.02,-0.02,Piaulet et al. 2021
3.927,0.0073,2.0026,0.011,-0.011,Welbanks et al. 2024,0.14151,0.00039,-0.00039,Calculated,0.9226,0.0277,-0.0277,Calculated,,,,0.67,0.02,-0.02,Piaulet et al. 2021
3.9275,0.0075,2.0152,0.0094,-0.0094,Welbanks et al. 2024,0.14196,0.00033,-0.00033,Calculated,0.9255,0.0277,-0.0277,Calculated,,,,0.67,0.02,-0.02,Piaulet et al. 2021
3.9275,0.0075,2.0198,0.0081,-0.0081,Welbanks et al. 2024,0.14212,0.00028,-0.00029,Calculated,0.9266,0.0277,-0.0277,Calculated,,,,0.67,0.02,-0.02,Piaulet et al. 2021
3.9275,0.0075,2.0351,0.0085,-0.0085,Welbanks et al. 2024,0.14266,0.0003,-0.0003,Calculated,0.9301,0.0278,-0.0278,Calculated,,,,0.67,0.02,-0.02,Piaulet et al. 2021
3.9275,0.0075,2.0353,0.0088,-0.0088,Welbanks et al. 2024,0.14266,0.00031,-0.00031,Calculated,0.9302,0.0278,-0.0278,Calculated,,,,0.67,0.02,-0.02,Piaulet et al. 2021
3.9417,0.0073,2.0152,0.0113,-0.0113,Welbanks et al. 2024,0.14196,0.0004,-0.0004,Calculated,0.9255,0.0277,-0.0277,Calculated,,,,0.67,0.02,-0.02,Piaulet et al. 2021
3.9421,0.0078,2.0265,0.0092,-0.0092,Welbanks et al. 2024,0.14236,0.00032,-0.00032,Calculated,0.9281,0.0278,-0.0278,Calculated,,,,0.67,0.02,-0.02,Piaulet et al. 2021
3.9425,0.0075,2.0221,0.0097,-0.0097,Welbanks et al. 2024,0.1422,0.00034,-0.00034,Calculated,0.9271,0.0278,-0.0278,Calculated,,,,0.67,0.02,-0.02,Piaulet et al. 2021
3.9425,0.0075,2.0236,0.0091,-0.0091,Welbanks et al. 2024,0.14225,0.00032,-0.00032,Calculated,0.9275,0.0278,-0.0278,Calculated,,,,0.67,0.02,-0.02,Piaulet et al. 2021
3.9425,0.0075,2.0312,0.0089,-0.0089,Welbanks et al. 2024,0.14252,0.00031,-0.00031,Calculated,0.9292,0.0278,-0.0278,Calculated,,,,0.67,0.02,-0.02,Piaulet et al. 2021
3.9425,0.0075,2.0374,0.0088,-0.0088,Welbanks et al. 2024,0.14274,0.00031,-0.00031,Calculated,0.9306,0.0279,-0.0279,Calculated,,,,0.67,0.02,-0.02,Piaulet et al. 2021
3.9569,0.0078,2.0398,0.0103,-0.0103,Welbanks et al. 2024,0.14282,0.00036,-0.00036,Calculated,0.9312,0.0279,-0.0279,Calculated,,,,0.67,0.02,-0.02,Piaulet et al. 2021
3.9575,0.0075,2.0294,0.009,-0.009,Welbanks et al. 2024,0.14246,0.00032,-0.00032,Calculated,0.9288,0.0278,-0.0278,Calculated,,,,0.67,0.02,-0.02,Piaulet et al. 2021
3.9575,0.0075,2.0247,0.0083,-0.0083,Welbanks et al. 2024,0.14229,0.00029,-0.00029,Calculated,0.9277,0.0278,-0.0278,Calculated,,,,0.67,0.02,-0.02,Piaulet et al. 2021
3.9721,0.0073,2.0233,0.0108,-0.0108,Welbanks et al. 2024,0.14224,0.00038,-0.00038,Calculated,0.9274,0.0278,-0.0278,Calculated,,,,0.67,0.02,-0.02,Piaulet et al. 2021
3.9725,0.0075,2.0222,0.0104,-0.0104,Welbanks et al. 2024,0.1422,0.00037,-0.00037,Calculated,0.9272,0.0278,-0.0278,Calculated,,,,0.67,0.02,-0.02,Piaulet et al. 2021
3.9725,0.0075,2.0261,0.0087,-0.0087,Welbanks et al. 2024,0.14234,0.00031,-0.00031,Calculated,0.928,0.0278,-0.0278,Calculated,,,,0.67,0.02,-0.02,Piaulet et al. 2021
3.9867,0.0073,2.0127,0.0114,-0.0114,Welbanks et al. 2024,0.14187,0.0004,-0.0004,Calculated,0.925,0.0277,-0.0277,Calculated,,,,0.67,0.02,-0.02,Piaulet et al. 2021
3.9875,0.0075,2.0281,0.0096,-0.0096,Welbanks et al. 2024,0.14241,0.00034,-0.00034,Calculated,0.9285,0.0278,-0.0278,Calculated,,,,0.67,0.02,-0.02,Piaulet et al. 2021
3.9875,0.0075,2.036,0.0087,-0.0087,Welbanks et al. 2024,0.14269,0.0003,-0.00031,Calculated,0.9303,0.0278,-0.0278,Calculated,,,,0.67,0.02,-0.02,Piaulet et al. 2021
4.0019,0.0078,2.017,0.0102,-0.0102,Welbanks et al. 2024,0.14202,0.00036,-0.00036,Calculated,0.926,0.0277,-0.0277,Calculated,,,,0.67,0.02,-0.02,Piaulet et al. 2021
4.0025,0.0075,2.027,0.0094,-0.0094,Welbanks et al. 2024,0.14237,0.00033,-0.00033,Calculated,0.9283,0.0278,-0.0278,Calculated,,,,0.67,0.02,-0.02,Piaulet et al. 2021
4.0025,0.0075,2.0256,0.0082,-0.0082,Welbanks et al. 2024,0.14232,0.00029,-0.00029,Calculated,0.9279,0.0278,-0.0278,Calculated,,,,0.67,0.02,-0.02,Piaulet et al. 2021
4.0171,0.0073,2.0489,0.0111,-0.0111,Welbanks et al. 2024,0.14314,0.00039,-0.00039,Calculated,0.9333,0.028,-0.028,Calculated,,,,0.67,0.02,-0.02,Piaulet et al. 2021
4.0175,0.0075,2.0567,0.0099,-0.0099,Welbanks et al. 2024,0.14341,0.00034,-0.00035,Calculated,0.935,0.028,-0.028,Calculated,,,,0.67,0.02,-0.02,Piaulet et al. 2021
4.0175,0.0075,2.0564,0.0084,-0.0084,Welbanks et al. 2024,0.1434,0.00029,-0.00029,Calculated,0.935,0.028,-0.028,Calculated,,,,0.67,0.02,-0.02,Piaulet et al. 2021
4.0318,0.0073,2.0464,0.0115,-0.0115,Welbanks et al. 2024,0.14305,0.0004,-0.0004,Calculated,0.9327,0.028,-0.028,Calculated,,,,0.67,0.02,-0.02,Piaulet et al. 2021
4.0325,0.0075,2.0435,0.0096,-0.0096,Welbanks et al. 2024,0.14295,0.00034,-0.00034,Calculated,0.932,0.0279,-0.0279,Calculated,,,,0.67,0.02,-0.02,Piaulet et al. 2021
4.0325,0.0075,2.0432,0.0087,-0.0087,Welbanks et al. 2024,0.14294,0.0003,-0.0003,Calculated,0.932,0.0279,-0.0279,Calculated,,,,0.67,0.02,-0.02,Piaulet et al. 2021
4.047,0.0078,2.0446,0.0108,-0.0108,Welbanks et al. 2024,0.14299,0.00038,-0.00038,Calculated,0.9323,0.0279,-0.0279,Calculated,,,,0.67,0.02,-0.02,Piaulet et al. 2021
4.0475,0.0075,2.043,0.0099,-0.0099,Welbanks et al. 2024,0.14293,0.00035,-0.00035,Calculated,0.9319,0.0279,-0.0279,Calculated,,,,0.67,0.02,-0.02,Piaulet et al. 2021
4.0475,0.0075,2.0493,0.0091,-0.0091,Welbanks et al. 2024,0.14315,0.00032,-0.00032,Calculated,0.9333,0.0279,-0.0279,Calculated,,,,0.67,0.02,-0.02,Piaulet et al. 2021
4.0622,0.0073,2.0405,0.0109,-0.0109,Welbanks et al. 2024,0.14285,0.00038,-0.00038,Calculated,0.9313,0.0279,-0.0279,Calculated,,,,0.67,0.02,-0.02,Piaulet et al. 2021
4.0625,0.0075,2.0413,0.009,-0.009,Welbanks et al. 2024,0.14287,0.00031,-0.00032,Calculated,0.9315,0.0279,-0.0279,Calculated,,,,0.67,0.02,-0.02,Piaulet et al. 2021
4.0625,0.0075,2.0401,0.0088,-0.0088,Welbanks et al. 2024,0.14283,0.00031,-0.00031,Calculated,0.9312,0.0279,-0.0279,Calculated,,,,0.67,0.02,-0.02,Piaulet et al. 2021
4.0769,0.0073,2.0082,0.0111,-0.0111,Welbanks et al. 2024,0.14171,0.00039,-0.00039,Calculated,0.9239,0.0277,-0.0277,Calculated,,,,0.67,0.02,-0.02,Piaulet et al. 2021
4.0775,0.0075,2.0243,0.0094,-0.0094,Welbanks et al. 2024,0.14228,0.00033,-0.00033,Calculated,0.9276,0.0278,-0.0278,Calculated,,,,0.67,0.02,-0.02,Piaulet et al. 2021
4.0775,0.0075,2.0283,0.0096,-0.0096,Welbanks et al. 2024,0.14242,0.00034,-0.00034,Calculated,0.9286,0.0278,-0.0278,Calculated,,,,0.67,0.02,-0.02,Piaulet et al. 2021
4.0921,0.0078,2.0092,0.0113,-0.0113,Welbanks et al. 2024,0.14175,0.0004,-0.0004,Calculated,0.9242,0.0277,-0.0277,Calculated,,,,0.67,0.02,-0.02,Piaulet et al. 2021
4.0925,0.0075,2.0111,0.01,-0.01,Welbanks et al. 2024,0.14181,0.00035,-0.00035,Calculated,0.9246,0.0277,-0.0277,Calculated,,,,0.67,0.02,-0.02,Piaulet et al. 2021
4.0925,0.0075,2.0123,0.0085,-0.0085,Welbanks et al. 2024,0.14186,0.0003,-0.0003,Calculated,0.9249,0.0277,-0.0277,Calculated,,,,0.67,0.02,-0.02,Piaulet et al. 2021
4.1072,0.0073,2.022,0.0116,-0.0116,Welbanks et al. 2024,0.1422,0.00041,-0.00041,Calculated,0.9271,0.0278,-0.0278,Calculated,,,,0.67,0.02,-0.02,Piaulet et al. 2021
4.1075,0.0075,2.0206,0.0102,-0.0102,Welbanks et al. 2024,0.14215,0.00036,-0.00036,Calculated,0.9268,0.0278,-0.0278,Calculated,,,,0.67,0.02,-0.02,Piaulet et al. 2021
4.1075,0.0075,2.0274,0.0088,-0.0088,Welbanks et al. 2024,0.14239,0.00031,-0.00031,Calculated,0.9283,0.0278,-0.0278,Calculated,,,,0.67,0.02,-0.02,Piaulet et al. 2021
4.1219,0.0073,2.0301,0.0122,-0.0122,Welbanks et al. 2024,0.14248,0.00043,-0.00043,Calculated,0.929,0.0279,-0.0279,Calculated,,,,0.67,0.02,-0.02,Piaulet et al. 2021
4.1225,0.0075,2.0214,0.0107,-0.0107,Welbanks et al. 2024,0.14218,0.00038,-0.00038,Calculated,0.927,0.0278,-0.0278,Calculated,,,,0.67,0.02,-0.02,Piaulet et al. 2021
4.1225,0.0075,2.019,0.0094,-0.0094,Welbanks et al. 2024,0.14209,0.00033,-0.00033,Calculated,0.9264,0.0277,-0.0277,Calculated,,,,0.67,0.02,-0.02,Piaulet et al. 2021
4.1371,0.0078,2.0266,0.0122,-0.0122,Welbanks et al. 2024,0.14236,0.00043,-0.00043,Calculated,0.9282,0.0278,-0.0278,Calculated,,,,0.67,0.02,-0.02,Piaulet et al. 2021
4.1375,0.0075,2.0288,0.0101,-0.0101,Welbanks et al. 2024,0.14244,0.00035,-0.00035,Calculated,0.9287,0.0278,-0.0278,Calculated,,,,0.67,0.02,-0.02,Piaulet et al. 2021
4.1375,0.0075,2.0233,0.0093,-0.0093,Welbanks et al. 2024,0.14224,0.00033,-0.00033,Calculated,0.9274,0.0278,-0.0278,Calculated,,,,0.67,0.02,-0.02,Piaulet et al. 2021
4.1523,0.0073,2.0129,0.0114,-0.0114,Welbanks et al. 2024,0.14188,0.0004,-0.0004,Calculated,0.925,0.0277,-0.0277,Calculated,,,,0.67,0.02,-0.02,Piaulet et al. 2021
4.1525,0.0075,1.9995,0.0095,-0.0095,Welbanks et al. 2024,0.1414,0.00034,-0.00034,Calculated,0.9219,0.0276,-0.0276,Calculated,,,,0.67,0.02,-0.02,Piaulet et al. 2021
4.1525,0.0075,2.0046,0.0088,-0.0088,Welbanks et al. 2024,0.14158,0.00031,-0.00031,Calculated,0.9231,0.0276,-0.0276,Calculated,,,,0.67,0.02,-0.02,Piaulet et al. 2021
4.167,0.0073,2.0281,0.011,-0.011,Welbanks et al. 2024,0.14241,0.00039,-0.00039,Calculated,0.9285,0.0278,-0.0278,Calculated,,,,0.67,0.02,-0.02,Piaulet et al. 2021
4.1675,0.0075,2.023,0.0102,-0.0102,Welbanks et al. 2024,0.14223,0.00036,-0.00036,Calculated,0.9273,0.0278,-0.0278,Calculated,,,,0.67,0.02,-0.02,Piaulet et al. 2021
4.1675,0.0075,2.0226,0.0089,-0.0089,Welbanks et al. 2024,0.14222,0.00031,-0.00031,Calculated,0.9272,0.0278,-0.0278,Calculated,,,,0.67,0.02,-0.02,Piaulet et al. 2021
4.1817,0.0073,2.0469,0.0114,-0.0114,Welbanks et al. 2024,0.14307,0.0004,-0.0004,Calculated,0.9328,0.028,-0.028,Calculated,,,,0.67,0.02,-0.02,Piaulet et al. 2021
4.1825,0.0075,2.049,0.0101,-0.0101,Welbanks et al. 2024,0.14314,0.00035,-0.00035,Calculated,0.9333,0.028,-0.028,Calculated,,,,0.67,0.02,-0.02,Piaulet et al. 2021
4.1825,0.0075,2.0497,0.0092,-0.0092,Welbanks et al. 2024,0.14317,0.00032,-0.00032,Calculated,0.9334,0.0279,-0.0279,Calculated,,,,0.67,0.02,-0.02,Piaulet et al. 2021
4.1969,0.0078,2.0298,0.012,-0.012,Welbanks et al. 2024,0.14247,0.00042,-0.00042,Calculated,0.9289,0.0279,-0.0279,Calculated,,,,0.67,0.02,-0.02,Piaulet et al. 2021
4.1975,0.0075,2.023,0.0114,-0.0114,Welbanks et al. 2024,0.14223,0.0004,-0.0004,Calculated,0.9273,0.0278,-0.0278,Calculated,,,,0.67,0.02,-0.02,Piaulet et al. 2021
4.1975,0.0075,2.0317,0.0099,-0.0099,Welbanks et al. 2024,0.14254,0.00035,-0.00035,Calculated,0.9293,0.0278,-0.0278,Calculated,,,,0.67,0.02,-0.02,Piaulet et al. 2021
4.2121,0.0073,2.0533,0.0109,-0.0109,Welbanks et al. 2024,0.14329,0.00038,-0.00038,Calculated,0.9343,0.028,-0.028,Calculated,,,,0.67,0.02,-0.02,Piaulet et al. 2021
4.2125,0.0075,2.0544,0.0101,-0.0101,Welbanks et al. 2024,0.14333,0.00035,-0.00035,Calculated,0.9345,0.028,-0.028,Calculated,,,,0.67,0.02,-0.02,Piaulet et al. 2021
4.2125,0.0075,2.0583,0.0085,-0.0085,Welbanks et al. 2024,0.14347,0.0003,-0.0003,Calculated,0.9354,0.028,-0.028,Calculated,,,,0.67,0.02,-0.02,Piaulet et al. 2021
4.2268,0.0073,2.1005,0.0116,-0.0116,Welbanks et al. 2024,0.14493,0.0004,-0.0004,Calculated,0.9449,0.0283,-0.0283,Calculated,,,,0.67,0.02,-0.02,Piaulet et al. 2021
4.2275,0.0075,2.091,0.0103,-0.0103,Welbanks et al. 2024,0.1446,0.00036,-0.00036,Calculated,0.9428,0.0282,-0.0282,Calculated,,,,0.67,0.02,-0.02,Piaulet et al. 2021
4.2275,0.0075,2.0988,0.0094,-0.0094,Welbanks et al. 2024,0.14487,0.00032,-0.00032,Calculated,0.9445,0.0283,-0.0283,Calculated,,,,0.67,0.02,-0.02,Piaulet et al. 2021
4.2419,0.0078,2.0811,0.0119,-0.0119,Welbanks et al. 2024,0.14426,0.00041,-0.00041,Calculated,0.9406,0.0282,-0.0282,Calculated,,,,0.67,0.02,-0.02,Piaulet et al. 2021
4.2425,0.0075,2.0827,0.0105,-0.0105,Welbanks et al. 2024,0.14432,0.00036,-0.00036,Calculated,0.9409,0.0282,-0.0282,Calculated,,,,0.67,0.02,-0.02,Piaulet et al. 2021
4.2425,0.0075,2.0917,0.0101,-0.0101,Welbanks et al. 2024,0.14463,0.00035,-0.00035,Calculated,0.943,0.0282,-0.0282,Calculated,,,,0.67,0.02,-0.02,Piaulet et al. 2021
4.2571,0.0073,2.124,0.0115,-0.0115,Welbanks et al. 2024,0.14574,0.00039,-0.0004,Calculated,0.9502,0.0285,-0.0285,Calculated,,,,0.67,0.02,-0.02,Piaulet et al. 2021
4.2575,0.0075,2.1175,0.0109,-0.0109,Welbanks et al. 2024,0.14552,0.00037,-0.00038,Calculated,0.9487,0.0284,-0.0284,Calculated,,,,0.67,0.02,-0.02,Piaulet et al. 2021
4.2575,0.0075,2.1138,0.0088,-0.0088,Welbanks et al. 2024,0.14539,0.0003,-0.0003,Calculated,0.9479,0.0284,-0.0284,Calculated,,,,0.67,0.02,-0.02,Piaulet et al. 2021
4.2718,0.0073,2.111,0.0122,-0.0122,Welbanks et al. 2024,0.14529,0.00042,-0.00042,Calculated,0.9473,0.0284,-0.0284,Calculated,,,,0.67,0.02,-0.02,Piaulet et al. 2021
4.2725,0.0075,2.1184,0.0105,-0.0105,Welbanks et al. 2024,0.14555,0.00036,-0.00036,Calculated,0.949,0.0284,-0.0284,Calculated,,,,0.67,0.02,-0.02,Piaulet et al. 2021
4.2725,0.0075,2.1197,0.009,-0.009,Welbanks et al. 2024,0.14559,0.00031,-0.00031,Calculated,0.9492,0.0284,-0.0284,Calculated,,,,0.67,0.02,-0.02,Piaulet et al. 2021
4.287,0.0078,2.1011,0.0119,-0.0119,Welbanks et al. 2024,0.14495,0.00041,-0.00041,Calculated,0.9451,0.0283,-0.0283,Calculated,,,,0.67,0.02,-0.02,Piaulet et al. 2021
4.2875,0.0075,2.1143,0.011,-0.011,Welbanks et al. 2024,0.14541,0.00038,-0.00038,Calculated,0.948,0.0284,-0.0284,Calculated,,,,0.67,0.02,-0.02,Piaulet et al. 2021
4.2875,0.0075,2.1213,0.0102,-0.0102,Welbanks et al. 2024,0.14565,0.00035,-0.00035,Calculated,0.9496,0.0284,-0.0284,Calculated,,,,0.67,0.02,-0.02,Piaulet et al. 2021
4.3022,0.0073,2.1307,0.0127,-0.0127,Welbanks et al. 2024,0.14597,0.00043,-0.00044,Calculated,0.9517,0.0286,-0.0286,Calculated,,,,0.67,0.02,-0.02,Piaulet et al. 2021
4.3025,0.0075,2.1199,0.0117,-0.0117,Welbanks et al. 2024,0.1456,0.0004,-0.0004,Calculated,0.9493,0.0285,-0.0285,Calculated,,,,0.67,0.02,-0.02,Piaulet et al. 2021
4.3025,0.0075,2.1258,0.0096,-0.0096,Welbanks et al. 2024,0.1458,0.00033,-0.00033,Calculated,0.9506,0.0285,-0.0285,Calculated,,,,0.67,0.02,-0.02,Piaulet et al. 2021
4.3169,0.0073,2.0973,0.0134,-0.0134,Welbanks et al. 2024,0.14482,0.00046,-0.00046,Calculated,0.9442,0.0283,-0.0283,Calculated,,,,0.67,0.02,-0.02,Piaulet et al. 2021
4.3175,0.0075,2.1079,0.0116,-0.0116,Welbanks et al. 2024,0.14519,0.0004,-0.0004,Calculated,0.9466,0.0284,-0.0284,Calculated,,,,0.67,0.02,-0.02,Piaulet et al. 2021
4.3175,0.0075,2.1132,0.01,-0.01,Welbanks et al. 2024,0.14537,0.00034,-0.00034,Calculated,0.9478,0.0284,-0.0284,Calculated,,,,0.67,0.02,-0.02,Piaulet et al. 2021
4.3321,0.0078,2.1331,0.0128,-0.0128,Welbanks et al. 2024,0.14605,0.00044,-0.00044,Calculated,0.9522,0.0286,-0.0286,Calculated,,,,0.67,0.02,-0.02,Piaulet et al. 2021
4.3325,0.0075,2.1248,0.0112,-0.0112,Welbanks et al. 2024,0.14577,0.00038,-0.00038,Calculated,0.9504,0.0285,-0.0285,Calculated,,,,0.67,0.02,-0.02,Piaulet et al. 2021
4.3325,0.0075,2.1312,0.0099,-0.0099,Welbanks et al. 2024,0.14599,0.00034,-0.00034,Calculated,0.9518,0.0285,-0.0285,Calculated,,,,0.67,0.02,-0.02,Piaulet et al. 2021
4.3473,0.0073,2.1267,0.013,-0.013,Welbanks et al. 2024,0.14583,0.00045,-0.00045,Calculated,0.9508,0.0285,-0.0285,Calculated,,,,0.67,0.02,-0.02,Piaulet et al. 2021
4.3475,0.0075,2.1069,0.0119,-0.0119,Welbanks et al. 2024,0.14515,0.00041,-0.00041,Calculated,0.9464,0.0284,-0.0284,Calculated,,,,0.67,0.02,-0.02,Piaulet et al. 2021
4.3475,0.0075,2.1219,0.0105,-0.0105,Welbanks et al. 2024,0.14567,0.00036,-0.00036,Calculated,0.9497,0.0284,-0.0284,Calculated,,,,0.67,0.02,-0.02,Piaulet et al. 2021
4.362,0.0073,2.1026,0.0141,-0.0141,Welbanks et al. 2024,0.145,0.00049,-0.00049,Calculated,0.9454,0.0284,-0.0284,Calculated,,,,0.67,0.02,-0.02,Piaulet et al. 2021
4.3625,0.0075,2.1048,0.0116,-0.0116,Welbanks et al. 2024,0.14508,0.0004,-0.0004,Calculated,0.9459,0.0284,-0.0284,Calculated,,,,0.67,0.02,-0.02,Piaulet et al. 2021
4.3625,0.0075,2.1117,0.0099,-0.0099,Welbanks et al. 2024,0.14532,0.00034,-0.00034,Calculated,0.9474,0.0284,-0.0284,Calculated,,,,0.67,0.02,-0.02,Piaulet et al. 2021
4.3771,0.0078,2.1104,0.014,-0.014,Welbanks et al. 2024,0.14527,0.00048,-0.00048,Calculated,0.9472,0.0284,-0.0284,Calculated,,,,0.67,0.02,-0.02,Piaulet et al. 2021
4.3775,0.0075,2.1038,0.0116,-0.0116,Welbanks et al. 2024,0.14504,0.0004,-0.0004,Calculated,0.9457,0.0283,-0.0283,Calculated,,,,0.67,0.02,-0.02,Piaulet et al. 2021
4.3775,0.0075,2.1061,0.0103,-0.0103,Welbanks et al. 2024,0.14512,0.00035,-0.00036,Calculated,0.9462,0.0283,-0.0283,Calculated,,,,0.67,0.02,-0.02,Piaulet et al. 2021
4.3923,0.0073,2.0985,0.0137,-0.0137,Welbanks et al. 2024,0.14486,0.00047,-0.00047,Calculated,0.9445,0.0284,-0.0284,Calculated,,,,0.67,0.02,-0.02,Piaulet et al. 2021
4.3925,0.0075,2.0977,0.0127,-0.0127,Welbanks et al. 2024,0.14483,0.00044,-0.00044,Calculated,0.9443,0.0283,-0.0283,Calculated,,,,0.67,0.02,-0.02,Piaulet et al. 2021
4.3925,0.0075,2.1063,0.0105,-0.0105,Welbanks et al. 2024,0.14513,0.00036,-0.00036,Calculated,0.9462,0.0283,-0.0283,Calculated,,,,0.67,0.02,-0.02,Piaulet et al. 2021
4.407,0.0073,2.0843,0.015,-0.015,Welbanks et al. 2024,0.14437,0.00052,-0.00052,Calculated,0.9413,0.0283,-0.0283,Calculated,,,,0.67,0.02,-0.02,Piaulet et al. 2021
4.4075,0.0075,2.0876,0.0121,-0.0121,Welbanks et al. 2024,0.14449,0.00042,-0.00042,Calculated,0.942,0.0283,-0.0283,Calculated,,,,0.67,0.02,-0.02,Piaulet et al. 2021
4.4075,0.0075,2.0847,0.0106,-0.0106,Welbanks et al. 2024,0.14438,0.00037,-0.00037,Calculated,0.9414,0.0282,-0.0282,Calculated,,,,0.67,0.02,-0.02,Piaulet et al. 2021
4.4217,0.0073,2.1085,0.0147,-0.0147,Welbanks et al. 2024,0.14521,0.00051,-0.00051,Calculated,0.9467,0.0285,-0.0285,Calculated,,,,0.67,0.02,-0.02,Piaulet et al. 2021
4.4225,0.0075,2.0895,0.0123,-0.0123,Welbanks et al. 2024,0.14455,0.00042,-0.00043,Calculated,0.9425,0.0283,-0.0283,Calculated,,,,0.67,0.02,-0.02,Piaulet et al. 2021
4.4225,0.0075,2.0965,0.0105,-0.0105,Welbanks et al. 2024,0.14479,0.00036,-0.00036,Calculated,0.944,0.0283,-0.0283,Calculated,,,,0.67,0.02,-0.02,Piaulet et al. 2021
4.4369,0.0078,2.0724,0.0128,-0.0128,Welbanks et al. 2024,0.14396,0.00044,-0.00045,Calculated,0.9386,0.0282,-0.0282,Calculated,,,,0.67,0.02,-0.02,Piaulet et al. 2021
4.4375,0.0075,2.0751,0.0126,-0.0126,Welbanks et al. 2024,0.14405,0.00044,-0.00044,Calculated,0.9392,0.0282,-0.0282,Calculated,,,,0.67,0.02,-0.02,Piaulet et al. 2021
4.4375,0.0075,2.0815,0.01,-0.01,Welbanks et al. 2024,0.14427,0.00035,-0.00035,Calculated,0.9406,0.0282,-0.0282,Calculated,,,,0.67,0.02,-0.02,Piaulet et al. 2021
4.4521,0.0073,2.0494,0.0134,-0.0134,Welbanks et al. 2024,0.14316,0.00047,-0.00047,Calculated,0.9334,0.028,-0.028,Calculated,,,,0.67,0.02,-0.02,Piaulet et al. 2021
4.4525,0.0075,2.0567,0.0118,-0.0118,Welbanks et al. 2024,0.14341,0.00041,-0.00041,Calculated,0.935,0.028,-0.028,Calculated,,,,0.67,0.02,-0.02,Piaulet et al. 2021
4.4525,0.0075,2.0604,0.0102,-0.0102,Welbanks et al. 2024,0.14354,0.00035,-0.00036,Calculated,0.9359,0.028,-0.028,Calculated,,,,0.67,0.02,-0.02,Piaulet et al. 2021
4.4668,0.0073,2.0712,0.0151,-0.0151,Welbanks et al. 2024,0.14392,0.00052,-0.00053,Calculated,0.9383,0.0282,-0.0282,Calculated,,,,0.67,0.02,-0.02,Piaulet et al. 2021
4.4675,0.0075,2.0712,0.0125,-0.0125,Welbanks et al. 2024,0.14392,0.00043,-0.00043,Calculated,0.9383,0.0282,-0.0282,Calculated,,,,0.67,0.02,-0.02,Piaulet et al. 2021
4.4675,0.0075,2.0756,0.011,-0.011,Welbanks et al. 2024,0.14407,0.00038,-0.00038,Calculated,0.9393,0.0281,-0.0281,Calculated,,,,0.67,0.02,-0.02,Piaulet et al. 2021
4.482,0.0078,2.0438,0.0147,-0.0147,Welbanks et al. 2024,0.14296,0.00051,-0.00052,Calculated,0.9321,0.028,-0.028,Calculated,,,,0.67,0.02,-0.02,Piaulet et al. 2021
4.4825,0.0075,2.0414,0.0126,-0.0126,Welbanks et al. 2024,0.14288,0.00044,-0.00044,Calculated,0.9315,0.028,-0.028,Calculated,,,,0.67,0.02,-0.02,Piaulet et al. 2021
4.4825,0.0075,2.0457,0.011,-0.011,Welbanks et al. 2024,0.14303,0.00038,-0.00039,Calculated,0.9325,0.0279,-0.0279,Calculated,,,,0.67,0.02,-0.02,Piaulet et al. 2021
4.4971,0.0073,2.0473,0.015,-0.015,Welbanks et al. 2024,0.14308,0.00052,-0.00053,Calculated,0.9329,0.0281,-0.0281,Calculated,,,,0.67,0.02,-0.02,Piaulet et al. 2021
4.4975,0.0075,2.047,0.0139,-0.0139,Welbanks et al. 2024,0.14307,0.00048,-0.00049,Calculated,0.9328,0.028,-0.028,Calculated,,,,0.67,0.02,-0.02,Piaulet et al. 2021
4.4975,0.0075,2.053,0.0115,-0.0115,Welbanks et al. 2024,0.14328,0.0004,-0.0004,Calculated,0.9342,0.028,-0.028,Calculated,,,,0.67,0.02,-0.02,Piaulet et al. 2021
4.5118,0.0073,2.0323,0.015,-0.015,Welbanks et al. 2024,0.14256,0.00053,-0.00053,Calculated,0.9295,0.028,-0.028,Calculated,,,,0.67,0.02,-0.02,Piaulet et al. 2021
4.5125,0.0075,2.0349,0.0125,-0.0125,Welbanks et al. 2024,0.14265,0.00044,-0.00044,Calculated,0.9301,0.0279,-0.0279,Calculated,,,,0.67,0.02,-0.02,Piaulet et al. 2021
4.5125,0.0075,2.0352,0.0114,-0.0114,Welbanks et al. 2024,0.14266,0.0004,-0.0004,Calculated,0.9301,0.0279,-0.0279,Calculated,,,,0.67,0.02,-0.02,Piaulet et al. 2021
4.527,0.0078,2.0645,0.0139,-0.0139,Welbanks et al. 2024,0.14368,0.00048,-0.00048,Calculated,0.9368,0.0281,-0.0281,Calculated,,,,0.67,0.02,-0.02,Piaulet et al. 2021
4.5275,0.0075,2.0494,0.0123,-0.0123,Welbanks et al. 2024,0.14316,0.00043,-0.00043,Calculated,0.9334,0.028,-0.028,Calculated,,,,0.67,0.02,-0.02,Piaulet et al. 2021
4.5275,0.0075,2.0563,0.0103,-0.0103,Welbanks et al. 2024,0.1434,0.00036,-0.00036,Calculated,0.9349,0.028,-0.028,Calculated,,,,0.67,0.02,-0.02,Piaulet et al. 2021
4.5422,0.0073,2.0484,0.0145,-0.0145,Welbanks et al. 2024,0.14312,0.00051,-0.00051,Calculated,0.9331,0.0281,-0.0281,Calculated,,,,0.67,0.02,-0.02,Piaulet et al. 2021
4.5425,0.0075,2.0327,0.0126,-0.0126,Welbanks et al. 2024,0.14257,0.00044,-0.00044,Calculated,0.9296,0.0279,-0.0279,Calculated,,,,0.67,0.02,-0.02,Piaulet et al. 2021
4.5425,0.0075,2.0443,0.011,-0.011,Welbanks et al. 2024,0.14298,0.00038,-0.00039,Calculated,0.9322,0.0279,-0.0279,Calculated,,,,0.67,0.02,-0.02,Piaulet et al. 2021
4.5569,0.0073,2.0716,0.0152,-0.0152,Welbanks et al. 2024,0.14393,0.00053,-0.00053,Calculated,0.9384,0.0282,-0.0282,Calculated,,,,0.67,0.02,-0.02,Piaulet et al. 2021
4.5575,0.0075,2.0623,0.0128,-0.0128,Welbanks et al. 2024,0.14361,0.00044,-0.00045,Calculated,0.9363,0.0281,-0.0281,Calculated,,,,0.67,0.02,-0.02,Piaulet et al. 2021
4.5575,0.0075,2.0635,0.0108,-0.0108,Welbanks et al. 2024,0.14365,0.00038,-0.00038,Calculated,0.9366,0.0281,-0.0281,Calculated,,,,0.67,0.02,-0.02,Piaulet et al. 2021
4.5721,0.0078,2.0601,0.0149,-0.0149,Welbanks et al. 2024,0.14353,0.00052,-0.00052,Calculated,0.9358,0.0281,-0.0281,Calculated,,,,0.67,0.02,-0.02,Piaulet et al. 2021
4.5725,0.0075,2.0507,0.0139,-0.0139,Welbanks et al. 2024,0.1432,0.00048,-0.00049,Calculated,0.9337,0.028,-0.028,Calculated,,,,0.67,0.02,-0.02,Piaulet et al. 2021
4.5725,0.0075,2.0513,0.0112,-0.0112,Welbanks et al. 2024,0.14322,0.00039,-0.00039,Calculated,0.9338,0.028,-0.028,Calculated,,,,0.67,0.02,-0.02,Piaulet et al. 2021
4.5873,0.0073,2.0211,0.0162,-0.0162,Welbanks et al. 2024,0.14217,0.00057,-0.00057,Calculated,0.9269,0.0279,-0.0279,Calculated,,,,0.67,0.02,-0.02,Piaulet et al. 2021
4.5875,0.0075,2.0319,0.0133,-0.0133,Welbanks et al. 2024,0.14254,0.00047,-0.00047,Calculated,0.9294,0.0279,-0.0279,Calculated,,,,0.67,0.02,-0.02,Piaulet et al. 2021
4.5875,0.0075,2.04,0.0114,-0.0114,Welbanks et al. 2024,0.14283,0.0004,-0.0004,Calculated,0.9312,0.0279,-0.0279,Calculated,,,,0.67,0.02,-0.02,Piaulet et al. 2021
4.602,0.0073,2.0394,0.0153,-0.0153,Welbanks et al. 2024,0.14281,0.00053,-0.00054,Calculated,0.9311,0.028,-0.028,Calculated,,,,0.67,0.02,-0.02,Piaulet et al. 2021
4.6025,0.0075,2.048,0.0124,-0.0124,Welbanks et al. 2024,0.14311,0.00043,-0.00043,Calculated,0.933,0.028,-0.028,Calculated,,,,0.67,0.02,-0.02,Piaulet et al. 2021
4.6025,0.0075,2.0549,0.0111,-0.0111,Welbanks et al. 2024,0.14335,0.00039,-0.00039,Calculated,0.9346,0.028,-0.028,Calculated,,,,0.67,0.02,-0.02,Piaulet et al. 2021
4.6172,0.0078,2.0735,0.0152,-0.0152,Welbanks et al. 2024,0.144,0.00053,-0.00053,Calculated,0.9388,0.0282,-0.0282,Calculated,,,,0.67,0.02,-0.02,Piaulet et al. 2021
4.6175,0.0075,2.0727,0.013,-0.013,Welbanks et al. 2024,0.14397,0.00045,-0.00045,Calculated,0.9387,0.0282,-0.0282,Calculated,,,,0.67,0.02,-0.02,Piaulet et al. 2021
4.6175,0.0075,2.0676,0.011,-0.011,Welbanks et al. 2024,0.14379,0.00038,-0.00038,Calculated,0.9375,0.0281,-0.0281,Calculated,,,,0.67,0.02,-0.02,Piaulet et al. 2021
4.6323,0.0073,2.051,0.0142,-0.0142,Welbanks et al. 2024,0.14321,0.00049,-0.0005,Calculated,0.9337,0.0281,-0.0281,Calculated,,,,0.67,0.02,-0.02,Piaulet et al. 2021
4.6325,0.0075,2.0543,0.0127,-0.0127,Welbanks et al. 2024,0.14333,0.00044,-0.00044,Calculated,0.9345,0.028,-0.028,Calculated,,,,0.67,0.02,-0.02,Piaulet et al. 2021
4.6325,0.0075,2.0438,0.0115,-0.0115,Welbanks et al. 2024,0.14296,0.0004,-0.0004,Calculated,0.9321,0.0279,-0.0279,Calculated,,,,0.67,0.02,-0.02,Piaulet et al. 2021
4.647,0.0073,2.0632,0.0153,-0.0153,Welbanks et al. 2024,0.14364,0.00053,-0.00053,Calculated,0.9365,0.0282,-0.0282,Calculated,,,,0.67,0.02,-0.02,Piaulet et al. 2021
4.6475,0.0075,2.0644,0.0133,-0.0133,Welbanks et al. 2024,0.14368,0.00046,-0.00046,Calculated,0.9368,0.0281,-0.0281,Calculated,,,,0.67,0.02,-0.02,Piaulet et al. 2021
4.6475,0.0075,2.0579,0.0111,-0.0111,Welbanks et al. 2024,0.14345,0.00039,-0.00039,Calculated,0.9353,0.028,-0.028,Calculated,,,,0.67,0.02,-0.02,Piaulet et al. 2021
4.6617,0.0073,2.046,0.0159,-0.0159,Welbanks et al. 2024,0.14304,0.00055,-0.00056,Calculated,0.9326,0.0281,-0.0281,Calculated,,,,0.67,0.02,-0.02,Piaulet et al. 2021
4.6625,0.0075,2.0426,0.0143,-0.0143,Welbanks et al. 2024,0.14292,0.0005,-0.0005,Calculated,0.9318,0.028,-0.028,Calculated,,,,0.67,0.02,-0.02,Piaulet et al. 2021
4.6625,0.0075,2.0435,0.0112,-0.0112,Welbanks et al. 2024,0.14295,0.00039,-0.00039,Calculated,0.932,0.0279,-0.0279,Calculated,,,,0.67,0.02,-0.02,Piaulet et al. 2021
4.6769,0.0078,2.0565,0.0157,-0.0157,Welbanks et al. 2024,0.14341,0.00055,-0.00055,Calculated,0.935,0.0281,-0.0281,Calculated,,,,0.67,0.02,-0.02,Piaulet et al. 2021
4.6775,0.0075,2.0549,0.0132,-0.0132,Welbanks et al. 2024,0.14335,0.00046,-0.00046,Calculated,0.9346,0.0281,-0.0281,Calculated,,,,0.67,0.02,-0.02,Piaulet et al. 2021
4.6775,0.0075,2.0645,0.0119,-0.0119,Welbanks et al. 2024,0.14368,0.00041,-0.00041,Calculated,0.9368,0.0281,-0.0281,Calculated,,,,0.67,0.02,-0.02,Piaulet et al. 2021
4.6921,0.0073,2.0169,0.0165,-0.0165,Welbanks et al. 2024,0.14202,0.00058,-0.00058,Calculated,0.9259,0.0279,-0.0279,Calculated,,,,0.67,0.02,-0.02,Piaulet et al. 2021
4.6925,0.0075,2.0212,0.0134,-0.0134,Welbanks et al. 2024,0.14217,0.00047,-0.00047,Calculated,0.9269,0.0278,-0.0278,Calculated,,,,0.67,0.02,-0.02,Piaulet et al. 2021
4.6925,0.0075,2.0355,0.0115,-0.0115,Welbanks et al. 2024,0.14267,0.0004,-0.0004,Calculated,0.9302,0.0279,-0.0279,Calculated,,,,0.67,0.02,-0.02,Piaulet et al. 2021
4.7068,0.0073,2.065,0.0168,-0.0168,Welbanks et al. 2024,0.1437,0.00058,-0.00059,Calculated,0.9369,0.0282,-0.0282,Calculated,,,,0.67,0.02,-0.02,Piaulet et al. 2021
4.7075,0.0075,2.0524,0.0141,-0.0141,Welbanks et al. 2024,0.14326,0.00049,-0.00049,Calculated,0.9341,0.0281,-0.0281,Calculated,,,,0.67,0.02,-0.02,Piaulet et al. 2021
4.7075,0.0075,2.0542,0.0118,-0.0118,Welbanks et al. 2024,0.14332,0.00041,-0.00041,Calculated,0.9345,0.028,-0.028,Calculated,,,,0.67,0.02,-0.02,Piaulet et al. 2021
4.722,0.0078,2.0789,0.0158,-0.0158,Welbanks et al. 2024,0.14418,0.00055,-0.00055,Calculated,0.9401,0.0283,-0.0283,Calculated,,,,0.67,0.02,-0.02,Piaulet et al. 2021
4.7225,0.0075,2.0655,0.0136,-0.0136,Welbanks et al. 2024,0.14372,0.00047,-0.00047,Calculated,0.937,0.0281,-0.0281,Calculated,,,,0.67,0.02,-0.02,Piaulet et al. 2021
4.7225,0.0075,2.0659,0.0119,-0.0119,Welbanks et al. 2024,0.14373,0.00041,-0.00041,Calculated,0.9371,0.0281,-0.0281,Calculated,,,,0.67,0.02,-0.02,Piaulet et al. 2021
4.7372,0.0073,2.0546,0.0161,-0.0161,Welbanks et al. 2024,0.14334,0.00056,-0.00056,Calculated,0.9346,0.0281,-0.0281,Calculated,,,,0.67,0.02,-0.02,Piaulet et al. 2021
4.7375,0.0075,2.0544,0.0142,-0.0142,Welbanks et al. 2024,0.14333,0.00049,-0.0005,Calculated,0.9345,0.0281,-0.0281,Calculated,,,,0.67,0.02,-0.02,Piaulet et al. 2021
4.7375,0.0075,2.0433,0.0119,-0.0119,Welbanks et al. 2024,0.14294,0.00042,-0.00042,Calculated,0.932,0.028,-0.028,Calculated,,,,0.67,0.02,-0.02,Piaulet et al. 2021
4.7519,0.0073,2.0743,0.0155,-0.0155,Welbanks et al. 2024,0.14402,0.00054,-0.00054,Calculated,0.939,0.0282,-0.0282,Calculated,,,,0.67,0.02,-0.02,Piaulet et al. 2021
4.7525,0.0075,2.068,0.0143,-0.0143,Welbanks et al. 2024,0.14381,0.0005,-0.0005,Calculated,0.9376,0.0282,-0.0282,Calculated,,,,0.67,0.02,-0.02,Piaulet et al. 2021
4.7525,0.0075,2.07,0.0121,-0.0121,Welbanks et al. 2024,0.14387,0.00042,-0.00042,Calculated,0.938,0.0281,-0.0281,Calculated,,,,0.67,0.02,-0.02,Piaulet et al. 2021
4.767,0.0078,2.0638,0.0176,-0.0176,Welbanks et al. 2024,0.14366,0.00061,-0.00061,Calculated,0.9366,0.0282,-0.0282,Calculated,,,,0.67,0.02,-0.02,Piaulet et al. 2021
4.7675,0.0075,2.0521,0.0155,-0.0155,Welbanks et al. 2024,0.14325,0.00054,-0.00054,Calculated,0.934,0.0281,-0.0281,Calculated,,,,0.67,0.02,-0.02,Piaulet et al. 2021
4.7675,0.0075,2.0444,0.0134,-0.0134,Welbanks et al. 2024,0.14298,0.00047,-0.00047,Calculated,0.9322,0.028,-0.028,Calculated,,,,0.67,0.02,-0.02,Piaulet et al. 2021
4.7822,0.0073,2.0389,0.0186,-0.0186,Welbanks et al. 2024,0.14279,0.00065,-0.00065,Calculated,0.931,0.0281,-0.0281,Calculated,,,,0.67,0.02,-0.02,Piaulet et al. 2021
4.7825,0.0075,2.0265,0.015,-0.015,Welbanks et al. 2024,0.14236,0.00053,-0.00053,Calculated,0.9281,0.0279,-0.0279,Calculated,,,,0.67,0.02,-0.02,Piaulet et al. 2021
4.7825,0.0075,2.0251,0.013,-0.013,Welbanks et al. 2024,0.14231,0.00046,-0.00046,Calculated,0.9278,0.0279,-0.0279,Calculated,,,,0.67,0.02,-0.02,Piaulet et al. 2021
4.7969,0.0073,2.0307,0.0176,-0.0176,Welbanks et al. 2024,0.1425,0.00062,-0.00062,Calculated,0.9291,0.028,-0.028,Calculated,,,,0.67,0.02,-0.02,Piaulet et al. 2021
4.7975,0.0075,2.0399,0.0144,-0.0144,Welbanks et al. 2024,0.14283,0.0005,-0.00051,Calculated,0.9312,0.028,-0.028,Calculated,,,,0.67,0.02,-0.02,Piaulet et al. 2021
4.7975,0.0075,2.0375,0.012,-0.012,Welbanks et al. 2024,0.14274,0.00042,-0.00042,Calculated,0.9307,0.0279,-0.0279,Calculated,,,,0.67,0.02,-0.02,Piaulet et al. 2021
4.8121,0.0078,2.0366,0.0161,-0.0161,Welbanks et al. 2024,0.14271,0.00056,-0.00057,Calculated,0.9304,0.028,-0.028,Calculated,,,,0.67,0.02,-0.02,Piaulet et al. 2021
4.8125,0.0075,2.042,0.0146,-0.0146,Welbanks et al. 2024,0.1429,0.00051,-0.00051,Calculated,0.9317,0.028,-0.028,Calculated,,,,0.67,0.02,-0.02,Piaulet et al. 2021
4.8125,0.0075,2.0589,0.0125,-0.0125,Welbanks et al. 2024,0.14349,0.00043,-0.00044,Calculated,0.9355,0.0281,-0.0281,Calculated,,,,0.67,0.02,-0.02,Piaulet et al. 2021
4.8273,0.0073,2.0496,0.0183,-0.0183,Welbanks et al. 2024,0.14316,0.00064,-0.00064,Calculated,0.9334,0.0282,-0.0282,Calculated,,,,0.67,0.02,-0.02,Piaulet et al. 2021
4.8275,0.0075,2.0466,0.0154,-0.0154,Welbanks et al. 2024,0.14306,0.00054,-0.00054,Calculated,0.9327,0.0281,-0.0281,Calculated,,,,0.67,0.02,-0.02,Piaulet et al. 2021
4.8275,0.0075,2.0543,0.0133,-0.0133,Welbanks et al. 2024,0.14333,0.00046,-0.00046,Calculated,0.9345,0.0281,-0.0281,Calculated,,,,0.67,0.02,-0.02,Piaulet et al. 2021
4.842,0.0073,2.0585,0.0174,-0.0174,Welbanks et al. 2024,0.14347,0.00061,-0.00061,Calculated,0.9354,0.0282,-0.0282,Calculated,,,,0.67,0.02,-0.02,Piaulet et al. 2021
4.8425,0.0075,2.059,0.0145,-0.0145,Welbanks et al. 2024,0.14349,0.0005,-0.00051,Calculated,0.9356,0.0281,-0.0281,Calculated,,,,0.67,0.02,-0.02,Piaulet et al. 2021
4.8425,0.0075,2.0586,0.0121,-0.0121,Welbanks et al. 2024,0.14348,0.00042,-0.00042,Calculated,0.9355,0.0281,-0.0281,Calculated,,,,0.67,0.02,-0.02,Piaulet et al. 2021
4.8567,0.0073,2.0551,0.0191,-0.0191,Welbanks et al. 2024,0.14336,0.00066,-0.00067,Calculated,0.9347,0.0282,-0.0282,Calculated,,,,0.67,0.02,-0.02,Piaulet et al. 2021
4.8575,0.0075,2.0455,0.0159,-0.0159,Welbanks et al. 2024,0.14302,0.00055,-0.00056,Calculated,0.9325,0.0281,-0.0281,Calculated,,,,0.67,0.02,-0.02,Piaulet et al. 2021
4.8575,0.0075,2.0475,0.0126,-0.0126,Welbanks et al. 2024,0.14309,0.00044,-0.00044,Calculated,0.9329,0.028,-0.028,Calculated,,,,0.67,0.02,-0.02,Piaulet et al. 2021
4.8719,0.0078,2.0599,0.0173,-0.0173,Welbanks et al. 2024,0.14352,0.0006,-0.0006,Calculated,0.9358,0.0282,-0.0282,Calculated,,,,0.67,0.02,-0.02,Piaulet et al. 2021
4.8725,0.0075,2.041,0.0146,-0.0146,Welbanks et al. 2024,0.14286,0.00051,-0.00051,Calculated,0.9315,0.028,-0.028,Calculated,,,,0.67,0.02,-0.02,Piaulet et al. 2021
4.8725,0.0075,2.0419,0.0127,-0.0127,Welbanks et al. 2024,0.1429,0.00044,-0.00045,Calculated,0.9317,0.028,-0.028,Calculated,,,,0.67,0.02,-0.02,Piaulet et al. 2021
4.887,0.0073,2.014,0.0196,-0.0196,Welbanks et al. 2024,0.14192,0.00069,-0.00069,Calculated,0.9253,0.028,-0.028,Calculated,,,,0.67,0.02,-0.02,Piaulet et al. 2021
4.8875,0.0075,2.0109,0.0164,-0.0164,Welbanks et al. 2024,0.14181,0.00058,-0.00058,Calculated,0.9246,0.0279,-0.0279,Calculated,,,,0.67,0.02,-0.02,Piaulet et al. 2021
4.8875,0.0075,2.0146,0.0132,-0.0132,Welbanks et al. 2024,0.14194,0.00046,-0.00047,Calculated,0.9254,0.0278,-0.0278,Calculated,,,,0.67,0.02,-0.02,Piaulet et al. 2021
4.9017,0.0073,2.0208,0.018,-0.018,Welbanks et al. 2024,0.14215,0.00063,-0.00063,Calculated,0.9268,0.028,-0.028,Calculated,,,,0.67,0.02,-0.02,Piaulet et al. 2021
4.9025,0.0075,2.0266,0.0154,-0.0154,Welbanks et al. 2024,0.14236,0.00054,-0.00054,Calculated,0.9282,0.0279,-0.0279,Calculated,,,,0.67,0.02,-0.02,Piaulet et al. 2021
4.9025,0.0075,2.0215,0.0137,-0.0137,Welbanks et al. 2024,0.14218,0.00048,-0.00048,Calculated,0.927,0.0278,-0.0278,Calculated,,,,0.67,0.02,-0.02,Piaulet et al. 2021
4.9169,0.0078,2.0418,0.0186,-0.0186,Welbanks et al. 2024,0.14289,0.00065,-0.00065,Calculated,0.9316,0.0281,-0.0281,Calculated,,,,0.67,0.02,-0.02,Piaulet et al. 2021
4.9175,0.0075,2.0307,0.0166,-0.0166,Welbanks et al. 2024,0.1425,0.00058,-0.00058,Calculated,0.9291,0.028,-0.028,Calculated,,,,0.67,0.02,-0.02,Piaulet et al. 2021
4.9175,0.0075,2.0256,0.0137,-0.0137,Welbanks et al. 2024,0.14232,0.00048,-0.00048,Calculated,0.9279,0.0279,-0.0279,Calculated,,,,0.67,0.02,-0.02,Piaulet et al. 2021
4.9321,0.0073,2.03,0.0199,-0.0199,Welbanks et al. 2024,0.14248,0.0007,-0.0007,Calculated,0.9289,0.0281,-0.0281,Calculated,,,,0.67,0.02,-0.02,Piaulet et al. 2021
4.9325,0.0075,2.0393,0.0174,-0.0174,Welbanks et al. 2024,0.1428,0.00061,-0.00061,Calculated,0.9311,0.0281,-0.0281,Calculated,,,,0.67,0.02,-0.02,Piaulet et al. 2021
4.9325,0.0075,2.0505,0.0137,-0.0137,Welbanks et al. 2024,0.1432,0.00048,-0.00048,Calculated,0.9336,0.028,-0.028,Calculated,,,,0.67,0.02,-0.02,Piaulet et al. 2021
4.9468,0.0073,2.0711,0.0218,-0.0218,Welbanks et al. 2024,0.14391,0.00076,-0.00076,Calculated,0.9383,0.0284,-0.0284,Calculated,,,,0.67,0.02,-0.02,Piaulet et al. 2021
4.9475,0.0075,2.0533,0.0181,-0.0181,Welbanks et al. 2024,0.14329,0.00063,-0.00063,Calculated,0.9343,0.0282,-0.0282,Calculated,,,,0.67,0.02,-0.02,Piaulet et al. 2021
4.9475,0.0075,2.0447,0.0153,-0.0153,Welbanks et al. 2024,0.14299,0.00053,-0.00054,Calculated,0.9323,0.028,-0.028,Calculated,,,,0.67,0.02,-0.02,Piaulet et al. 2021
4.962,0.0078,2.0465,0.0206,-0.0206,Welbanks et al. 2024,0.14306,0.00072,-0.00072,Calculated,0.9327,0.0282,-0.0282,Calculated,,,,0.67,0.02,-0.02,Piaulet et al. 2021
4.9625,0.0075,2.0269,0.0174,-0.0174,Welbanks et al. 2024,0.14237,0.00061,-0.00061,Calculated,0.9282,0.028,-0.028,Calculated,,,,0.67,0.02,-0.02,Piaulet et al. 2021
4.9625,0.0075,2.0361,0.0146,-0.0146,Welbanks et al. 2024,0.14269,0.00051,-0.00051,Calculated,0.9303,0.028,-0.028,Calculated,,,,0.67,0.02,-0.02,Piaulet et al. 2021
4.9775,0.0075,2.0336,0.0199,-0.0199,Welbanks et al. 2024,0.1426,0.0007,-0.0007,Calculated,0.9298,0.0281,-0.0281,Calculated,,,,0.67,0.02,-0.02,Piaulet et al. 2021
4.9925,0.0075,2.0159,0.0228,-0.0228,Welbanks et al. 2024,0.14198,0.0008,-0.00081,Calculated,0.9257,0.0281,-0.0281,Calculated,,,,0.67,0.02,-0.02,Piaulet et al. 2021
5.0075,0.0075,2.008,0.0292,-0.0292,Welbanks et al. 2024,0.1417,0.00103,-0.00103,Calculated,0.9239,0.0284,-0.0284,Calculated,,,,0.67,0.02,-0.02,Piaulet et al. 2021
5.0225,0.0075,1.9991,0.0341,-0.0341,Welbanks et al. 2024,0.14139,0.0012,-0.00121,Calculated,0.9218,0.0286,-0.0286,Calculated,,,,0.67,0.02,-0.02,Piaulet et al. 2021
5.0375,0.0075,2.0435,0.0456,-0.0456,Welbanks et al. 2024,0.14295,0.00159,-0.0016,Calculated,0.932,0.0297,-0.0297,Calculated,,,,0.67,0.02,-0.02,Piaulet et al. 2021
5.064,0.075,2.0065,0.0084,-0.0084,Welbanks et al. 2024,0.14165,0.0003,-0.0003,Calculated,0.9235,0.0276,-0.0276,Calculated,,,,0.67,0.02,-0.02,Piaulet et al. 2021
5.214,0.075,2.0083,0.0091,-0.0091,Welbanks et al. 2024,0.14171,0.00032,-0.00032,Calculated,0.924,0.0277,-0.0277,Calculated,,,,0.67,0.02,-0.02,Piaulet et al. 2021
5.365,0.075,2.0269,0.0064,-0.0064,Welbanks et al. 2024,0.14237,0.00022,-0.00022,Calculated,0.9282,0.0277,-0.0277,Calculated,,,,0.67,0.02,-0.02,Piaulet et al. 2021
5.515,0.075,2.0248,0.0084,-0.0084,Welbanks et al. 2024,0.1423,0.00029,-0.0003,Calculated,0.9277,0.0278,-0.0278,Calculated,,,,0.67,0.02,-0.02,Piaulet et al. 2021
5.665,0.075,2.0213,0.0084,-0.0084,Welbanks et al. 2024,0.14217,0.0003,-0.0003,Calculated,0.9269,0.0277,-0.0277,Calculated,,,,0.67,0.02,-0.02,Piaulet et al. 2021
5.815,0.075,2.0386,0.0089,-0.0089,Welbanks et al. 2024,0.14278,0.00031,-0.00031,Calculated,0.9309,0.0279,-0.0279,Calculated,,,,0.67,0.02,-0.02,Piaulet et al. 2021
5.966,0.075,2.0276,0.0068,-0.0068,Welbanks et al. 2024,0.14239,0.00024,-0.00024,Calculated,0.9284,0.0278,-0.0278,Calculated,,,,0.67,0.02,-0.02,Piaulet et al. 2021
6.116,0.075,2.0241,0.0073,-0.0073,Welbanks et al. 2024,0.14227,0.00026,-0.00026,Calculated,0.9276,0.0277,-0.0277,Calculated,,,,0.67,0.02,-0.02,Piaulet et al. 2021
6.266,0.075,2.0146,0.0086,-0.0086,Welbanks et al. 2024,0.14194,0.0003,-0.0003,Calculated,0.9254,0.0277,-0.0277,Calculated,,,,0.67,0.02,-0.02,Piaulet et al. 2021
6.416,0.075,2.0581,0.0073,-0.0073,Welbanks et al. 2024,0.14346,0.00025,-0.00025,Calculated,0.9353,0.028,-0.028,Calculated,,,,0.67,0.02,-0.02,Piaulet et al. 2021
6.567,0.075,2.1055,0.0106,-0.0106,Welbanks et al. 2024,0.1451,0.00036,-0.00037,Calculated,0.9461,0.0283,-0.0283,Calculated,,,,0.67,0.02,-0.02,Piaulet et al. 2021
6.717,0.075,2.0838,0.0069,-0.0069,Welbanks et al. 2024,0.14435,0.00024,-0.00024,Calculated,0.9412,0.0281,-0.0281,Calculated,,,,0.67,0.02,-0.02,Piaulet et al. 2021
6.867,0.075,2.047,0.0122,-0.0122,Welbanks et al. 2024,0.14307,0.00043,-0.00043,Calculated,0.9328,0.028,-0.028,Calculated,,,,0.67,0.02,-0.02,Piaulet et al. 2021
7.017,0.075,2.0536,0.0073,-0.0073,Welbanks et al. 2024,0.1433,0.00025,-0.00025,Calculated,0.9343,0.0279,-0.0279,Calculated,,,,0.67,0.02,-0.02,Piaulet et al. 2021
7.168,0.075,2.1054,0.007,-0.007,Welbanks et al. 2024,0.1451,0.00024,-0.00024,Calculated,0.946,0.0283,-0.0283,Calculated,,,,0.67,0.02,-0.02,Piaulet et al. 2021
7.318,0.075,2.101,0.0079,-0.0079,Welbanks et al. 2024,0.14495,0.00027,-0.00027,Calculated,0.945,0.0283,-0.0283,Calculated,,,,0.67,0.02,-0.02,Piaulet et al. 2021
7.468,0.075,2.1386,0.0072,-0.0072,Welbanks et al. 2024,0.14624,0.00025,-0.00025,Calculated,0.9535,0.0285,-0.0285,Calculated,,,,0.67,0.02,-0.02,Piaulet et al. 2021
7.618,0.075,2.1104,0.0088,-0.0088,Welbanks et al. 2024,0.14527,0.0003,-0.0003,Calculated,0.9472,0.0283,-0.0283,Calculated,,,,0.67,0.02,-0.02,Piaulet et al. 2021
7.769,0.075,2.0797,0.0088,-0.0088,Welbanks et al. 2024,0.14421,0.0003,-0.00031,Calculated,0.9402,0.0281,-0.0281,Calculated,,,,0.67,0.02,-0.02,Piaulet et al. 2021
7.919,0.075,2.0868,0.0099,-0.0099,Welbanks et al. 2024,0.14446,0.00034,-0.00034,Calculated,0.9418,0.0282,-0.0282,Calculated,,,,0.67,0.02,-0.02,Piaulet et al. 2021
8.069,0.075,2.0609,0.0084,-0.0084,Welbanks et al. 2024,0.14356,0.00029,-0.00029,Calculated,0.936,0.028,-0.028,Calculated,,,,0.67,0.02,-0.02,Piaulet et al. 2021
8.219,0.075,2.0849,0.0148,-0.0148,Welbanks et al. 2024,0.14439,0.00051,-0.00051,Calculated,0.9414,0.0283,-0.0283,Calculated,,,,0.67,0.02,-0.02,Piaulet et al. 2021
8.37,0.075,2.0917,0.0095,-0.0095,Welbanks et al. 2024,0.14463,0.00033,-0.00033,Calculated,0.943,0.0282,-0.0282,Calculated,,,,0.67,0.02,-0.02,Piaulet et al. 2021
8.52,0.075,2.093,0.0103,-0.0103,Welbanks et al. 2024,0.14467,0.00036,-0.00036,Calculated,0.9432,0.0283,-0.0283,Calculated,,,,0.67,0.02,-0.02,Piaulet et al. 2021
8.67,0.075,2.0953,0.0097,-0.0097,Welbanks et al. 2024,0.14475,0.00033,-0.00034,Calculated,0.9438,0.0283,-0.0283,Calculated,,,,0.67,0.02,-0.02,Piaulet et al. 2021
8.82,0.075,2.0832,0.0107,-0.0107,Welbanks et al. 2024,0.14433,0.00037,-0.00037,Calculated,0.941,0.0282,-0.0282,Calculated,,,,0.67,0.02,-0.02,Piaulet et al. 2021
8.971,0.075,2.0975,0.0139,-0.0139,Welbanks et al. 2024,0.14483,0.00048,-0.00048,Calculated,0.9443,0.0284,-0.0284,Calculated,,,,0.67,0.02,-0.02,Piaulet et al. 2021
9.121,0.075,2.0882,0.0121,-0.0121,Welbanks et al. 2024,0.14451,0.00042,-0.00042,Calculated,0.9422,0.0283,-0.0283,Calculated,,,,0.67,0.02,-0.02,Piaulet et al. 2021
9.271,0.075,2.0764,0.0106,-0.0106,Welbanks et al. 2024,0.1441,0.00037,-0.00037,Calculated,0.9395,0.0281,-0.0281,Calculated,,,,0.67,0.02,-0.02,Piaulet et al. 2021
9.421,0.075,2.0647,0.0119,-0.0119,Welbanks et al. 2024,0.14369,0.00041,-0.00041,Calculated,0.9368,0.0281,-0.0281,Calculated,,,,0.67,0.02,-0.02,Piaulet et al. 2021
9.572,0.075,2.0677,0.0121,-0.0121,Welbanks et al. 2024,0.14379,0.00042,-0.00042,Calculated,0.9375,0.0281,-0.0281,Calculated,,,,0.67,0.02,-0.02,Piaulet et al. 2021
9.722,0.075,2.0721,0.0123,-0.0123,Welbanks et al. 2024,0.14395,0.00043,-0.00043,Calculated,0.9385,0.0282,-0.0282,Calculated,,,,0.67,0.02,-0.02,Piaulet et al. 2021
9.872,0.075,2.0453,0.0126,-0.0126,Welbanks et al. 2024,0.14301,0.00044,-0.00044,Calculated,0.9324,0.028,-0.028,Calculated,,,,0.67,0.02,-0.02,Piaulet et al. 2021
10.022,0.075,2.0232,0.013,-0.013,Welbanks et al. 2024,0.14224,0.00046,-0.00046,Calculated,0.9274,0.0278,-0.0278,Calculated,,,,0.67,0.02,-0.02,Piaulet et al. 2021
10.173,0.075,2.0623,0.0143,-0.0143,Welbanks et al. 2024,0.14361,0.0005,-0.0005,Calculated,0.9363,0.0281,-0.0281,Calculated,,,,0.67,0.02,-0.02,Piaulet et al. 2021
10.323,0.075,2.0328,0.0196,-0.0196,Welbanks et al. 2024,0.14258,0.00069,-0.00069,Calculated,0.9296,0.0281,-0.0281,Calculated,,,,0.67,0.02,-0.02,Piaulet et al. 2021
10.473,0.075,2.0411,0.0304,-0.0304,Welbanks et al. 2024,0.14287,0.00106,-0.00107,Calculated,0.9315,0.0287,-0.0287,Calculated,,,,0.67,0.02,-0.02,Piaulet et al. 2021
10.623,0.075,2.0612,0.0196,-0.0196,Welbanks et al. 2024,0.14357,0.00068,-0.00068,Calculated,0.9361,0.0283,-0.0283,Calculated,,,,0.67,0.02,-0.02,Piaulet et al. 2021
10.774,0.075,2.046,0.0211,-0.0211,Welbanks et al. 2024,0.14304,0.00074,-0.00074,Calculated,0.9326,0.0283,-0.0283,Calculated,,,,0.67,0.02,-0.02,Piaulet et al. 2021
10.924,0.075,2.0358,0.0265,-0.0265,Welbanks et al. 2024,0.14268,0.00093,-0.00093,Calculated,0.9303,0.0284,-0.0284,Calculated,,,,0.67,0.02,-0.02,Piaulet et al. 2021
11.074,0.075,2.0127,0.0283,-0.0283,Welbanks et al. 2024,0.14187,0.00099,-0.001,Calculated,0.925,0.0284,-0.0284,Calculated,,,,0.67,0.02,-0.02,Piaulet et al. 2021
11.224,0.075,1.9658,0.0312,-0.0312,Welbanks et al. 2024,0.14021,0.00111,-0.00112,Calculated,0.9141,0.0282,-0.0282,Calculated,,,,0.67,0.02,-0.02,Piaulet et al. 2021
11.375,0.075,1.9548,0.0311,-0.0311,Welbanks et al. 2024,0.13981,0.00111,-0.00112,Calculated,0.9116,0.0282,-0.0282,Calculated,,,,0.67,0.02,-0.02,Piaulet et al. 2021
11.525,0.075,1.8948,0.0395,-0.0395,Welbanks et al. 2024,0.13765,0.00143,-0.00144,Calculated,0.8975,0.0284,-0.0284,Calculated,,,,0.67,0.02,-0.02,Piaulet et al. 2021
11.675,0.075,1.9614,0.0362,-0.0362,Welbanks et al. 2024,0.14005,0.00129,-0.0013,Calculated,0.9131,0.0285,-0.0285,Calculated,,,,0.67,0.02,-0.02,Piaulet et al. 2021
11.825,0.075,1.9268,0.0431,-0.0431,Welbanks et al. 2024,0.13881,0.00154,-0.00156,Calculated,0.905,0.0288,-0.0288,Calculated,,,,0.67,0.02,-0.02,Piaulet et al. 2021
11.976,0.075,1.7705,0.0601,-0.0601,Welbanks et al. 2024,0.13306,0.00224,-0.00228,Calculated,0.8675,0.0298,-0.0298,Calculated,,,,0.67,0.02,-0.02,Piaulet et al. 2021
12.126,0.075,1.7311,0.0627,-0.0627,Welbanks et al. 2024,0.13157,0.00236,-0.0024,Calculated,0.8578,0.03,-0.03,Calculated,,,,0.67,0.02,-0.02,Piaulet et al. 2021
12.276,0.075,1.9018,0.0643,-0.0643,Welbanks et al. 2024,0.13791,0.00231,-0.00235,Calculated,0.8991,0.0308,-0.0308,Calculated,,,,0.67,0.02,-0.02,Piaulet et al. 2021
12.426,0.075,1.7849,0.0787,-0.0787,Welbanks et al. 2024,0.1336,0.00291,-0.00298,Calculated,0.8711,0.0323,-0.0323,Calculated,,,,0.67,0.02,-0.02,Piaulet et al. 2021
12.577,0.075,1.8489,0.1211,-0.1211,Welbanks et al. 2024,0.13597,0.00438,-0.00453,Calculated,0.8865,0.0393,-0.0393,Calculated,,,,0.67,0.02,-0.02,Piaulet et al. 2021
12.727,0.075,1.8659,0.1095,-0.1095,Welbanks et al. 2024,0.1366,0.00395,-0.00407,Calculated,0.8906,0.0373,-0.0373,Calculated,,,,0.67,0.02,-0.02,Piaulet et al. 2021
12.877,0.075,1.8398,0.1431,-0.1431,Welbanks et al. 2024,0.13564,0.00518,-0.00538,Calculated,0.8844,0.0434,-0.0434,Calculated,,,,0.67,0.02,-0.02,Piaulet et al. 2021
13.027,0.075,1.7231,0.1336,-0.1336,Welbanks et al. 2024,0.13127,0.00499,-0.00519,Calculated,0.8558,0.0419,-0.0419,Calculated,,,,0.67,0.02,-0.02,Piaulet et al. 2021
13.178,0.075,1.6693,0.1312,-0.1312,Welbanks et al. 2024,0.1292,0.00498,-0.00518,Calculated,0.8424,0.0416,-0.0416,Calculated,,,,0.67,0.02,-0.02,Piaulet et al. 2021
13.328,0.075,1.6777,0.1649,-0.1649,Welbanks et al. 2024,0.12953,0.00622,-0.00653,Calculated,0.8445,0.0486,-0.0486,Calculated,,,,0.67,0.02,-0.02,Piaulet et al. 2021
13.478,0.075,2.0458,0.1964,-0.1964,Welbanks et al. 2024,0.14303,0.00671,-0.00704,Calculated,0.9325,0.0527,-0.0527,Calculated,,,,0.67,0.02,-0.02,Piaulet et al. 2021
13.628,0.075,1.7995,0.267,-0.267,Welbanks et al. 2024,0.13415,0.00961,-0.01035,Calculated,0.8746,0.0699,-0.0699,Calculated,,,,0.67,0.02,-0.02,Piaulet et al. 2021
CENTRALWAVELNG,BANDWIDTH,PL_TRANDEP,PL_TRANDEPERR1,PL_TRANDEPERR2,PL_TRANDEP_AUTHORS,PL_RATROR,PL_RATRORERR1,PL_RATRORERR2,PL_RATROR_AUTHORS,PL_RADJ,PL_RADJERR1,PL_RADJERR2,PL_RADJ_AUTHORS,PL_TRANMID,PL_TRANMIDERR1,PL_TRANMIDERR2,ST_RAD,ST_RADERR1,ST_RADERR2,ST_RAD_AUTHORS
